backend,sequence_length,batch_size,median_ms,q25_ms,q75_ms,tokens_per_second
numpy,8,8,2.378965525,2.373375825,2.395090625,26902.44954264312
numpy,16,8,3.127952475,3.007548075,3.148315825,40921.33784737251
numpy,32,8,5.173480875,4.9959019,5.39206615,49483.12484097083
numpy,64,8,10.7622228,10.539022475,10.917802125,47573.81532744332
numpy,128,8,29.53050765,28.87263235,32.932146,34676.003952813866
native_cblas,8,8,2.93785505,2.777901875,3.1642428,21784.600979547988
native_cblas,16,8,3.949052675,3.8581845,4.022948875,32412.836833076683
native_cblas,32,8,7.250896925,7.083998725,7.31425045,35305.976991253396
native_cblas,64,8,14.882023425,14.549265375,18.44030675,34403.923806483326
native_cblas,128,8,37.824973525,37.431670875,51.738229675,27072.06124871967
