backend,sequence_length,trial,step,milliseconds
numpy,8,1,1,2.302665
numpy,8,1,2,2.255935
numpy,8,1,3,2.129524
numpy,8,1,4,2.138568
numpy,8,1,5,2.570079
numpy,8,1,6,2.80244
numpy,8,1,7,2.357899
numpy,8,1,8,2.250517
numpy,8,1,9,2.628347
numpy,8,1,10,3.652933
numpy,8,1,11,2.547805
numpy,8,1,12,2.083134
numpy,8,1,13,2.083615
numpy,8,1,14,2.10022
numpy,8,1,15,2.18014
numpy,8,1,16,2.178788
numpy,8,1,17,2.169034
numpy,8,1,18,2.165018
numpy,8,1,19,2.419892
numpy,8,1,20,2.380173
numpy,8,1,21,3.741266
numpy,8,1,22,2.204437
numpy,8,1,23,2.0536
numpy,8,1,24,2.074651
numpy,8,1,25,2.443538
numpy,8,1,26,2.178938
numpy,8,1,27,2.354343
numpy,8,1,28,2.303938
numpy,8,1,29,2.38549
numpy,8,1,30,2.156946
numpy,8,1,31,2.495436
numpy,8,1,32,3.945886
numpy,8,1,33,2.225549
numpy,8,1,34,2.081191
numpy,8,1,35,2.257227
numpy,8,1,36,2.2989
numpy,8,1,37,2.212028
numpy,8,1,38,2.162734
numpy,8,1,39,2.429978
numpy,8,1,40,2.400823
numpy,8,2,1,2.655458
numpy,8,2,2,2.14725
numpy,8,2,3,2.109634
numpy,8,2,4,2.148663
numpy,8,2,5,2.150586
numpy,8,2,6,2.120901
numpy,8,2,7,2.42547
numpy,8,2,8,2.184487
numpy,8,2,9,2.222063
numpy,8,2,10,3.645262
numpy,8,2,11,2.098237
numpy,8,2,12,2.089093
numpy,8,2,13,2.089874
numpy,8,2,14,2.149885
numpy,8,2,15,2.193882
numpy,8,2,16,2.253241
numpy,8,2,17,2.230096
numpy,8,2,18,2.186901
numpy,8,2,19,2.331489
numpy,8,2,20,2.353853
numpy,8,2,21,3.701426
numpy,8,2,22,2.105087
numpy,8,2,23,2.069413
numpy,8,2,24,2.363948
numpy,8,2,25,2.321173
numpy,8,2,26,2.369537
numpy,8,2,27,2.461445
numpy,8,2,28,2.220962
numpy,8,2,29,2.363057
numpy,8,2,30,2.187411
numpy,8,2,31,2.340613
numpy,8,2,32,3.553383
numpy,8,2,33,2.282364
numpy,8,2,34,2.317157
numpy,8,2,35,2.684572
numpy,8,2,36,2.244478
numpy,8,2,37,2.17957
numpy,8,2,38,2.389416
numpy,8,2,39,2.33246
numpy,8,2,40,2.661236
numpy,8,3,1,2.311409
numpy,8,3,2,2.178127
numpy,8,3,3,2.195724
numpy,8,3,4,2.764432
numpy,8,3,5,2.379071
numpy,8,3,6,2.131107
numpy,8,3,7,2.121832
numpy,8,3,8,2.378579
numpy,8,3,9,2.244998
numpy,8,3,10,4.512
numpy,8,3,11,2.539272
numpy,8,3,12,2.152498
numpy,8,3,13,2.142454
numpy,8,3,14,2.301333
numpy,8,3,15,2.244388
numpy,8,3,16,2.49813
numpy,8,3,17,2.263757
numpy,8,3,18,2.475807
numpy,8,3,19,2.230246
numpy,8,3,20,2.203686
numpy,8,3,21,3.913006
numpy,8,3,22,2.24008
numpy,8,3,23,2.240592
numpy,8,3,24,2.652453
numpy,8,3,25,2.432992
numpy,8,3,26,2.229185
numpy,8,3,27,2.198028
numpy,8,3,28,2.267563
numpy,8,3,29,5.358648
numpy,8,3,30,2.720425
numpy,8,3,31,2.433913
numpy,8,3,32,4.400522
numpy,8,3,33,3.467063
numpy,8,3,34,2.441675
numpy,8,3,35,2.178749
numpy,8,3,36,2.116845
numpy,8,3,37,2.199069
numpy,8,3,38,2.185308
numpy,8,3,39,2.215233
numpy,8,3,40,2.174381
numpy,8,4,1,2.130004
numpy,8,4,2,2.144185
numpy,8,4,3,2.168773
numpy,8,4,4,2.167771
numpy,8,4,5,2.129524
numpy,8,4,6,2.157165
numpy,8,4,7,2.091376
numpy,8,4,8,2.142473
numpy,8,4,9,2.151206
numpy,8,4,10,3.696968
numpy,8,4,11,2.112377
numpy,8,4,12,2.282374
numpy,8,4,13,2.20008
numpy,8,4,14,2.197957
numpy,8,4,15,2.129463
numpy,8,4,16,2.21991
numpy,8,4,17,2.177936
numpy,8,4,18,2.188062
numpy,8,4,19,2.528926
numpy,8,4,20,2.191597
numpy,8,4,21,3.7042
numpy,8,4,22,2.102803
numpy,8,4,23,2.132819
numpy,8,4,24,2.089453
numpy,8,4,25,2.108782
numpy,8,4,26,2.201692
numpy,8,4,27,2.17318
numpy,8,4,28,2.1867
numpy,8,4,29,2.16686
numpy,8,4,30,2.189994
numpy,8,4,31,2.149523
numpy,8,4,32,3.69802
numpy,8,4,33,2.091225
numpy,8,4,34,2.033799
numpy,8,4,35,2.25272
numpy,8,4,36,2.116814
numpy,8,4,37,2.189704
numpy,8,4,38,2.193029
numpy,8,4,39,2.242173
numpy,8,4,40,2.223815
numpy,8,5,1,2.043714
numpy,8,5,2,2.060901
numpy,8,5,3,2.029924
numpy,8,5,4,2.083915
numpy,8,5,5,2.082063
numpy,8,5,6,2.135163
numpy,8,5,7,2.065017
numpy,8,5,8,2.131647
numpy,8,5,9,2.17959
numpy,8,5,10,10.836906
numpy,8,5,11,2.178127
numpy,8,5,12,2.061601
numpy,8,5,13,2.07401
numpy,8,5,14,2.076104
numpy,8,5,15,2.130555
numpy,8,5,16,2.11987
numpy,8,5,17,2.154482
numpy,8,5,18,2.123445
numpy,8,5,19,2.185799
numpy,8,5,20,2.138838
numpy,8,5,21,3.253701
numpy,8,5,22,2.083905
numpy,8,5,23,2.041231
numpy,8,5,24,2.06083
numpy,8,5,25,2.082243
numpy,8,5,26,2.119529
numpy,8,5,27,2.110806
numpy,8,5,28,2.153981
numpy,8,5,29,2.101892
numpy,8,5,30,2.08734
numpy,8,5,31,2.108422
numpy,8,5,32,3.208663
numpy,8,5,33,2.090565
numpy,8,5,34,2.056063
numpy,8,5,35,2.059999
numpy,8,5,36,2.065838
numpy,8,5,37,2.077465
numpy,8,5,38,2.121252
numpy,8,5,39,2.092718
numpy,8,5,40,2.290507
numpy,16,1,1,2.907047
numpy,16,1,2,2.878354
numpy,16,1,3,2.915791
numpy,16,1,4,2.781718
numpy,16,1,5,2.781468
numpy,16,1,6,3.991494
numpy,16,1,7,3.150375
numpy,16,1,8,3.647255
numpy,16,1,9,4.297926
numpy,16,1,10,5.142802
numpy,16,1,11,2.693476
numpy,16,1,12,2.728458
numpy,16,1,13,2.673965
numpy,16,1,14,2.778103
numpy,16,1,15,2.870101
numpy,16,1,16,3.131987
numpy,16,1,17,3.050894
numpy,16,1,18,2.861689
numpy,16,1,19,2.92905
numpy,16,1,20,2.944204
numpy,16,1,21,4.886976
numpy,16,1,22,2.918665
numpy,16,1,23,2.825535
numpy,16,1,24,2.692073
numpy,16,1,25,2.678673
numpy,16,1,26,2.999167
numpy,16,1,27,3.160821
numpy,16,1,28,2.936001
numpy,16,1,29,2.888209
numpy,16,1,30,2.832906
numpy,16,1,31,2.918825
numpy,16,1,32,5.05538
numpy,16,1,33,2.759254
numpy,16,1,34,2.801127
numpy,16,1,35,2.704722
numpy,16,1,36,2.937343
numpy,16,1,37,3.250706
numpy,16,1,38,3.064655
numpy,16,1,39,3.301603
numpy,16,1,40,3.163835
numpy,16,2,1,2.805665
numpy,16,2,2,2.9683
numpy,16,2,3,2.964594
numpy,16,2,4,2.845465
numpy,16,2,5,2.711323
numpy,16,2,6,2.692253
numpy,16,2,7,2.63731
numpy,16,2,8,2.619624
numpy,16,2,9,3.252289
numpy,16,2,10,4.469916
numpy,16,2,11,2.759154
numpy,16,2,12,3.194892
numpy,16,2,13,2.674997
numpy,16,2,14,2.657561
numpy,16,2,15,3.554584
numpy,16,2,16,3.089863
numpy,16,2,17,3.048922
numpy,16,2,18,2.927549
numpy,16,2,19,3.012347
numpy,16,2,20,2.915481
numpy,16,2,21,4.78338
numpy,16,2,22,2.988431
numpy,16,2,23,2.672994
numpy,16,2,24,2.671572
numpy,16,2,25,2.808108
numpy,16,2,26,2.864313
numpy,16,2,27,2.852355
numpy,16,2,28,2.956472
numpy,16,2,29,2.82266
numpy,16,2,30,2.734538
numpy,16,2,31,3.337597
numpy,16,2,32,4.668386
numpy,16,2,33,2.713726
numpy,16,2,34,2.602068
numpy,16,2,35,2.730461
numpy,16,2,36,2.71624
numpy,16,2,37,2.832926
numpy,16,2,38,2.827517
numpy,16,2,39,2.870212
numpy,16,2,40,3.045878
numpy,16,3,1,3.125738
numpy,16,3,2,2.871514
numpy,16,3,3,2.960688
numpy,16,3,4,2.995731
numpy,16,3,5,2.763752
numpy,16,3,6,2.755929
numpy,16,3,7,2.898665
numpy,16,3,8,2.857182
numpy,16,3,9,2.845735
numpy,16,3,10,5.147229
numpy,16,3,11,2.75005
numpy,16,3,12,2.706625
numpy,16,3,13,3.010263
numpy,16,3,14,3.032678
numpy,16,3,15,3.57145
numpy,16,3,16,3.073619
numpy,16,3,17,3.188732
numpy,16,3,18,2.892686
numpy,16,3,19,2.749589
numpy,16,3,20,2.744021
numpy,16,3,21,4.880395
numpy,16,3,22,2.787246
numpy,16,3,23,2.945125
numpy,16,3,24,2.914639
numpy,16,3,25,3.09466
numpy,16,3,26,3.164165
numpy,16,3,27,3.008069
numpy,16,3,28,3.00792
numpy,16,3,29,2.868069
numpy,16,3,30,3.137275
numpy,16,3,31,2.927709
numpy,16,3,32,5.379229
numpy,16,3,33,3.216584
numpy,16,3,34,2.984444
numpy,16,3,35,3.382354
numpy,16,3,36,3.048952
numpy,16,3,37,2.991094
numpy,16,3,38,2.841268
numpy,16,3,39,2.844963
numpy,16,3,40,2.752063
numpy,16,4,1,2.846956
numpy,16,4,2,3.032837
numpy,16,4,3,2.932996
numpy,16,4,4,2.829471
numpy,16,4,5,2.954449
numpy,16,4,6,2.898004
numpy,16,4,7,2.913247
numpy,16,4,8,2.844052
numpy,16,4,9,2.909692
numpy,16,4,10,4.606122
numpy,16,4,11,2.777081
numpy,16,4,12,2.812144
numpy,16,4,13,2.771833
numpy,16,4,14,2.805955
numpy,16,4,15,2.992667
numpy,16,4,16,2.887088
numpy,16,4,17,3.194932
numpy,16,4,18,2.971795
numpy,16,4,19,3.098577
numpy,16,4,20,2.739805
numpy,16,4,21,4.694946
numpy,16,4,22,2.669779
numpy,16,4,23,2.724852
numpy,16,4,24,3.355434
numpy,16,4,25,3.04112
numpy,16,4,26,2.937824
numpy,16,4,27,2.938886
numpy,16,4,28,6.284425
numpy,16,4,29,3.364067
numpy,16,4,30,2.834728
numpy,16,4,31,2.672273
numpy,16,4,32,4.506041
numpy,16,4,33,4.694365
numpy,16,4,34,3.12067
numpy,16,4,35,2.677461
numpy,16,4,36,2.61044
numpy,16,4,37,2.856822
numpy,16,4,38,2.940758
numpy,16,4,39,2.862681
numpy,16,4,40,2.865034
numpy,16,5,1,2.752454
numpy,16,5,2,2.672363
numpy,16,5,3,2.766225
numpy,16,5,4,2.751843
numpy,16,5,5,2.607265
numpy,16,5,6,2.698283
numpy,16,5,7,2.662348
numpy,16,5,8,2.622007
numpy,16,5,9,2.727677
numpy,16,5,10,4.201531
numpy,16,5,11,2.67694
numpy,16,5,12,2.62368
numpy,16,5,13,2.596589
numpy,16,5,14,2.622899
numpy,16,5,15,2.793236
numpy,16,5,16,2.775589
numpy,16,5,17,2.762399
numpy,16,5,18,2.744522
numpy,16,5,19,2.678202
numpy,16,5,20,2.70376
numpy,16,5,21,4.112807
numpy,16,5,22,2.68984
numpy,16,5,23,2.628637
numpy,16,5,24,2.577961
numpy,16,5,25,2.617631
numpy,16,5,26,2.726055
numpy,16,5,27,2.732985
numpy,16,5,28,2.758203
numpy,16,5,29,2.73663
numpy,16,5,30,2.737432
numpy,16,5,31,2.653055
numpy,16,5,32,4.022621
numpy,16,5,33,2.619864
numpy,16,5,34,2.602077
numpy,16,5,35,2.606454
numpy,16,5,36,2.626554
numpy,16,5,37,2.718123
numpy,16,5,38,2.770401
numpy,16,5,39,2.705824
numpy,16,5,40,2.732804
numpy,32,1,1,4.958203
numpy,32,1,2,4.944983
numpy,32,1,3,4.890471
numpy,32,1,4,5.398978
numpy,32,1,5,7.56273
numpy,32,1,6,13.77506
numpy,32,1,7,7.112004
numpy,32,1,8,5.499981
numpy,32,1,9,9.634951
numpy,32,1,10,7.915627
numpy,32,1,11,4.954718
numpy,32,1,12,5.206167
numpy,32,1,13,4.656428
numpy,32,1,14,5.029651
numpy,32,1,15,5.809007
numpy,32,1,16,5.120328
numpy,32,1,17,5.664539
numpy,32,1,18,5.577248
numpy,32,1,19,5.220299
numpy,32,1,20,5.360801
numpy,32,1,21,9.091091
numpy,32,1,22,5.603137
numpy,32,1,23,6.024292
numpy,32,1,24,6.024592
numpy,32,1,25,6.290043
numpy,32,1,26,5.6059
numpy,32,1,27,8.599238
numpy,32,1,28,5.057974
numpy,32,1,29,5.097804
numpy,32,1,30,4.861507
numpy,32,1,31,5.007458
numpy,32,1,32,11.606207
numpy,32,1,33,5.022571
numpy,32,1,34,11.084379
numpy,32,1,35,15.857788
numpy,32,1,36,5.351066
numpy,32,1,37,5.169993
numpy,32,1,38,4.954527
numpy,32,1,39,4.927987
numpy,32,1,40,5.089511
numpy,32,2,1,5.007147
numpy,32,2,2,4.71074
numpy,32,2,3,4.834686
numpy,32,2,4,5.167359
numpy,32,2,5,4.614224
numpy,32,2,6,5.858422
numpy,32,2,7,5.639792
numpy,32,2,8,4.791021
numpy,32,2,9,7.51364
numpy,32,2,10,7.41353
numpy,32,2,11,4.464267
numpy,32,2,12,4.468855
numpy,32,2,13,4.411388
numpy,32,2,14,5.395343
numpy,32,2,15,4.839924
numpy,32,2,16,5.135741
numpy,32,2,17,5.12214
numpy,32,2,18,5.57863
numpy,32,2,19,4.881277
numpy,32,2,20,5.473311
numpy,32,2,21,7.226627
numpy,32,2,22,4.525971
numpy,32,2,23,4.580152
numpy,32,2,24,4.523988
numpy,32,2,25,4.931743
numpy,32,2,26,5.12194
numpy,32,2,27,4.821828
numpy,32,2,28,4.758362
numpy,32,2,29,4.745392
numpy,32,2,30,4.753845
numpy,32,2,31,4.865643
numpy,32,2,32,7.103962
numpy,32,2,33,5.017393
numpy,32,2,34,4.51904
numpy,32,2,35,4.726143
numpy,32,2,36,4.577589
numpy,32,2,37,5.230525
numpy,32,2,38,5.229492
numpy,32,2,39,5.125075
numpy,32,2,40,5.233088
numpy,32,3,1,5.321932
numpy,32,3,2,4.88971
numpy,32,3,3,4.818993
numpy,32,3,4,4.984483
numpy,32,3,5,5.427211
numpy,32,3,6,7.048318
numpy,32,3,7,7.058794
numpy,32,3,8,4.951203
numpy,32,3,9,7.804579
numpy,32,3,10,7.994236
numpy,32,3,11,4.593183
numpy,32,3,12,4.467252
numpy,32,3,13,5.089641
numpy,32,3,14,4.7769
numpy,32,3,15,4.976991
numpy,32,3,16,5.26092
numpy,32,3,17,4.968119
numpy,32,3,18,5.963871
numpy,32,3,19,6.215561
numpy,32,3,20,5.52562
numpy,32,3,21,10.318153
numpy,32,3,22,5.358928
numpy,32,3,23,4.930131
numpy,32,3,24,4.946336
numpy,32,3,25,4.235372
numpy,32,3,26,5.024954
numpy,32,3,27,4.736009
numpy,32,3,28,4.652121
numpy,32,3,29,4.621806
numpy,32,3,30,4.867316
numpy,32,3,31,4.983121
numpy,32,3,32,7.527952
numpy,32,3,33,4.509816
numpy,32,3,34,4.66479
numpy,32,3,35,4.852804
numpy,32,3,36,4.477758
numpy,32,3,37,4.671471
numpy,32,3,38,4.68389
numpy,32,3,39,4.747014
numpy,32,3,40,4.735387
numpy,32,4,1,4.712953
numpy,32,4,2,4.640603
numpy,32,4,3,4.59144
numpy,32,4,4,4.994428
numpy,32,4,5,4.771321
numpy,32,4,6,4.301201
numpy,32,4,7,4.835528
numpy,32,4,8,4.494904
numpy,32,4,9,4.8172
numpy,32,4,10,6.708024
numpy,32,4,11,5.270524
numpy,32,4,12,4.693944
numpy,32,4,13,4.276584
numpy,32,4,14,4.142001
numpy,32,4,15,4.706994
numpy,32,4,16,4.449485
numpy,32,4,17,4.649397
numpy,32,4,18,4.537989
numpy,32,4,19,8.614602
numpy,32,4,20,4.720324
numpy,32,4,21,6.84448
numpy,32,4,22,4.518399
numpy,32,4,23,4.331687
numpy,32,4,24,4.157965
numpy,32,4,25,4.656328
numpy,32,4,26,4.662848
numpy,32,4,27,4.585802
numpy,32,4,28,4.729988
numpy,32,4,29,4.869219
numpy,32,4,30,4.686123
numpy,32,4,31,4.54531
numpy,32,4,32,6.570406
numpy,32,4,33,4.338998
numpy,32,4,34,4.43288
numpy,32,4,35,4.281312
numpy,32,4,36,4.555475
numpy,32,4,37,4.603798
numpy,32,4,38,4.6848
numpy,32,4,39,4.679342
numpy,32,4,40,4.624169
numpy,32,5,1,4.695506
numpy,32,5,2,4.608276
numpy,32,5,3,4.568616
numpy,32,5,4,4.463326
numpy,32,5,5,4.287691
numpy,32,5,6,6.025664
numpy,32,5,7,6.078434
numpy,32,5,8,4.913466
numpy,32,5,9,8.489563
numpy,32,5,10,8.31557
numpy,32,5,11,4.388564
numpy,32,5,12,4.2406
numpy,32,5,13,4.166549
numpy,32,5,14,4.231076
numpy,32,5,15,4.654875
numpy,32,5,16,4.648145
numpy,32,5,17,4.668526
numpy,32,5,18,4.497438
numpy,32,5,19,5.998122
numpy,32,5,20,5.70448
numpy,32,5,21,7.282532
numpy,32,5,22,4.384006
numpy,32,5,23,4.159157
numpy,32,5,24,4.266108
numpy,32,5,25,4.905193
numpy,32,5,26,4.733214
numpy,32,5,27,4.595736
numpy,32,5,28,4.589096
numpy,32,5,29,4.691952
numpy,32,5,30,4.951474
numpy,32,5,31,4.932164
numpy,32,5,32,7.258855
numpy,32,5,33,4.226419
numpy,32,5,34,4.408203
numpy,32,5,35,4.050213
numpy,32,5,36,4.035471
numpy,32,5,37,4.476256
numpy,32,5,38,4.562746
numpy,32,5,39,4.976341
numpy,32,5,40,4.706453
numpy,64,1,1,10.061125
numpy,64,1,2,9.855194
numpy,64,1,3,10.42229
numpy,64,1,4,11.235748
numpy,64,1,5,9.784607
numpy,64,1,6,14.84206
numpy,64,1,7,16.466883
numpy,64,1,8,12.33713
numpy,64,1,9,20.693211
numpy,64,1,10,14.930734
numpy,64,1,11,11.271181
numpy,64,1,12,10.290561
numpy,64,1,13,10.323911
numpy,64,1,14,10.495931
numpy,64,1,15,10.531484
numpy,64,1,16,11.678005
numpy,64,1,17,10.724386
numpy,64,1,18,9.929827
numpy,64,1,19,9.698017
numpy,64,1,20,12.948964
numpy,64,1,21,13.855592
numpy,64,1,22,10.27613
numpy,64,1,23,10.281227
numpy,64,1,24,9.768794
numpy,64,1,25,10.129267
numpy,64,1,26,9.820311
numpy,64,1,27,9.997899
numpy,64,1,28,10.175578
numpy,64,1,29,11.17715
numpy,64,1,30,12.796293
numpy,64,1,31,10.801603
numpy,64,1,32,13.677523
numpy,64,1,33,10.168577
numpy,64,1,34,10.159413
numpy,64,1,35,9.787722
numpy,64,1,36,10.337272
numpy,64,1,37,9.791348
numpy,64,1,38,10.583033
numpy,64,1,39,12.455475
numpy,64,1,40,11.378844
numpy,64,2,1,10.416371
numpy,64,2,2,9.900633
numpy,64,2,3,10.157751
numpy,64,2,4,10.014705
numpy,64,2,5,9.764407
numpy,64,2,6,14.573135
numpy,64,2,7,10.17024
numpy,64,2,8,9.644817
numpy,64,2,9,9.997198
numpy,64,2,10,12.412173
numpy,64,2,11,10.739669
numpy,64,2,12,10.189429
numpy,64,2,13,10.32892
numpy,64,2,14,10.704095
numpy,64,2,15,10.349951
numpy,64,2,16,9.875375
numpy,64,2,17,11.018675
numpy,64,2,18,9.756044
numpy,64,2,19,10.315009
numpy,64,2,20,10.549482
numpy,64,2,21,12.860149
numpy,64,2,22,10.095106
numpy,64,2,23,10.001274
numpy,64,2,24,11.211502
numpy,64,2,25,9.904769
numpy,64,2,26,9.982576
numpy,64,2,27,9.822495
numpy,64,2,28,9.849195
numpy,64,2,29,11.249839
numpy,64,2,30,10.359756
numpy,64,2,31,10.11105
numpy,64,2,32,12.03881
numpy,64,2,33,10.227215
numpy,64,2,34,9.687351
numpy,64,2,35,10.056368
numpy,64,2,36,9.722213
numpy,64,2,37,10.160645
numpy,64,2,38,10.112853
numpy,64,2,39,10.045812
numpy,64,2,40,9.972441
numpy,64,3,1,9.814242
numpy,64,3,2,10.134185
numpy,64,3,3,10.499687
numpy,64,3,4,9.996347
numpy,64,3,5,10.017719
numpy,64,3,6,15.689499
numpy,64,3,7,14.421025
numpy,64,3,8,11.285663
numpy,64,3,9,17.868027
numpy,64,3,10,14.260783
numpy,64,3,11,10.372875
numpy,64,3,12,9.746942
numpy,64,3,13,9.667641
numpy,64,3,14,9.659869
numpy,64,3,15,10.391283
numpy,64,3,16,10.009207
numpy,64,3,17,9.893802
numpy,64,3,18,9.606128
numpy,64,3,19,9.689444
numpy,64,3,20,11.644925
numpy,64,3,21,13.786868
numpy,64,3,22,9.742334
numpy,64,3,23,9.948275
numpy,64,3,24,10.053533
numpy,64,3,25,9.941655
numpy,64,3,26,9.720771
numpy,64,3,27,9.858368
numpy,64,3,28,11.109666
numpy,64,3,29,12.632912
numpy,64,3,30,10.210578
numpy,64,3,31,10.575259
numpy,64,3,32,13.511679
numpy,64,3,33,9.947601
numpy,64,3,34,10.4374
numpy,64,3,35,9.928743
numpy,64,3,36,9.90066
numpy,64,3,37,9.850394
numpy,64,3,38,9.846187
numpy,64,3,39,10.118549
numpy,64,3,40,10.92136
numpy,64,4,1,9.91247
numpy,64,4,2,10.366797
numpy,64,4,3,10.135497
numpy,64,4,4,9.922936
numpy,64,4,5,9.726059
numpy,64,4,6,10.166314
numpy,64,4,7,9.67376
numpy,64,4,8,9.607581
numpy,64,4,9,9.628121
numpy,64,4,10,12.19785
numpy,64,4,11,10.083548
numpy,64,4,12,9.991489
numpy,64,4,13,9.921724
numpy,64,4,14,10.225272
numpy,64,4,15,10.72063
numpy,64,4,16,10.01179
numpy,64,4,17,10.01819
numpy,64,4,18,10.324823
numpy,64,4,19,9.667431
numpy,64,4,20,11.154865
numpy,64,4,21,13.718995
numpy,64,4,22,10.405655
numpy,64,4,23,9.813911
numpy,64,4,24,10.197872
numpy,64,4,25,10.489652
numpy,64,4,26,10.189138
numpy,64,4,27,10.292584
numpy,64,4,28,16.220931
numpy,64,4,29,11.633057
numpy,64,4,30,10.288799
numpy,64,4,31,11.019551
numpy,64,4,32,13.382247
numpy,64,4,33,9.889185
numpy,64,4,34,10.116198
numpy,64,4,35,9.920382
numpy,64,4,36,9.979091
numpy,64,4,37,9.703475
numpy,64,4,38,11.130328
numpy,64,4,39,9.85907
numpy,64,4,40,9.853631
numpy,64,5,1,9.687311
numpy,64,5,2,9.811368
numpy,64,5,3,10.684926
numpy,64,5,4,10.118781
numpy,64,5,5,10.08398
numpy,64,5,6,12.888202
numpy,64,5,7,13.724233
numpy,64,5,8,11.040854
numpy,64,5,9,17.645342
numpy,64,5,10,14.322597
numpy,64,5,11,10.707721
numpy,64,5,12,10.120975
numpy,64,5,13,9.888154
numpy,64,5,14,10.721271
numpy,64,5,15,10.803735
numpy,64,5,16,9.816756
numpy,64,5,17,10.262539
numpy,64,5,18,10.598425
numpy,64,5,19,9.722584
numpy,64,5,20,11.599877
numpy,64,5,21,13.831165
numpy,64,5,22,9.996357
numpy,64,5,23,9.823597
numpy,64,5,24,10.089478
numpy,64,5,25,10.279895
numpy,64,5,26,10.081786
numpy,64,5,27,9.847072
numpy,64,5,28,9.60767
numpy,64,5,29,9.967053
numpy,64,5,30,9.794533
numpy,64,5,31,10.672147
numpy,64,5,32,13.136957
numpy,64,5,33,10.236259
numpy,64,5,34,9.988566
numpy,64,5,35,10.050659
numpy,64,5,36,9.65423
numpy,64,5,37,9.831649
numpy,64,5,38,9.864809
numpy,64,5,39,9.939371
numpy,64,5,40,9.546028
numpy,128,1,1,27.023628
numpy,128,1,2,27.413666
numpy,128,1,3,27.837145
numpy,128,1,4,27.286634
numpy,128,1,5,29.346062
numpy,128,1,6,152.689736
numpy,128,1,7,200.244355
numpy,128,1,8,71.680928
numpy,128,1,9,374.684093
numpy,128,1,10,104.290877
numpy,128,1,11,32.047239
numpy,128,1,12,32.046057
numpy,128,1,13,29.808149
numpy,128,1,14,35.087808
numpy,128,1,15,32.413272
numpy,128,1,16,32.546612
numpy,128,1,17,28.086481
numpy,128,1,18,32.00162
numpy,128,1,19,29.770473
numpy,128,1,20,139.252209
numpy,128,1,21,97.988775
numpy,128,1,22,28.222055
numpy,128,1,23,27.348497
numpy,128,1,24,27.861782
numpy,128,1,25,28.400284
numpy,128,1,26,26.887571
numpy,128,1,27,26.224541
numpy,128,1,28,28.001513
numpy,128,1,29,26.866289
numpy,128,1,30,27.443851
numpy,128,1,31,49.891141
numpy,128,1,32,103.090705
numpy,128,1,33,32.567224
numpy,128,1,34,28.521277
numpy,128,1,35,28.718645
numpy,128,1,36,30.78919
numpy,128,1,37,27.594919
numpy,128,1,38,25.686509
numpy,128,1,39,27.007292
numpy,128,1,40,26.959601
numpy,128,2,1,29.440273
numpy,128,2,2,28.864264
numpy,128,2,3,28.381135
numpy,128,2,4,33.403564
numpy,128,2,5,31.167861
numpy,128,2,6,28.998997
numpy,128,2,7,27.348366
numpy,128,2,8,28.21307
numpy,128,2,9,45.052075
numpy,128,2,10,36.347828
numpy,128,2,11,28.03372
numpy,128,2,12,28.741539
numpy,128,2,13,26.699316
numpy,128,2,14,26.590493
numpy,128,2,15,26.856473
numpy,128,2,16,27.144779
numpy,128,2,17,29.57104
numpy,128,2,18,32.253579
numpy,128,2,19,27.623231
numpy,128,2,20,34.86434
numpy,128,2,21,33.834255
numpy,128,2,22,26.955213
numpy,128,2,23,30.188392
numpy,128,2,24,28.216427
numpy,128,2,25,28.639344
numpy,128,2,26,26.686968
numpy,128,2,27,26.898667
numpy,128,2,28,28.000921
numpy,128,2,29,26.219001
numpy,128,2,30,29.369718
numpy,128,2,31,28.745374
numpy,128,2,32,34.435233
numpy,128,2,33,29.006878
numpy,128,2,34,28.434176
numpy,128,2,35,31.512531
numpy,128,2,36,28.467675
numpy,128,2,37,26.746838
numpy,128,2,38,28.410679
numpy,128,2,39,28.203807
numpy,128,2,40,26.652266
numpy,128,3,1,29.875832
numpy,128,3,2,29.20523
numpy,128,3,3,28.25721
numpy,128,3,4,29.942183
numpy,128,3,5,30.948932
numpy,128,3,6,41.582478
numpy,128,3,7,53.848572
numpy,128,3,8,39.319614
numpy,128,3,9,101.62486
numpy,128,3,10,48.112
numpy,128,3,11,30.833648
numpy,128,3,12,28.507248
numpy,128,3,13,28.785006
numpy,128,3,14,27.772809
numpy,128,3,15,29.511202
numpy,128,3,16,31.416838
numpy,128,3,17,26.992351
numpy,128,3,18,26.047676
numpy,128,3,19,27.849674
numpy,128,3,20,34.321501
numpy,128,3,21,33.85667
numpy,128,3,22,28.12474
numpy,128,3,23,27.784196
numpy,128,3,24,27.034625
numpy,128,3,25,27.783405
numpy,128,3,26,28.796553
numpy,128,3,27,29.400374
numpy,128,3,28,30.430229
numpy,128,3,29,29.676276
numpy,128,3,30,27.306154
numpy,128,3,31,29.114513
numpy,128,3,32,33.375773
numpy,128,3,33,32.993507
numpy,128,3,34,28.147455
numpy,128,3,35,28.238612
numpy,128,3,36,30.212521
numpy,128,3,37,31.343698
numpy,128,3,38,28.407225
numpy,128,3,39,29.52996
numpy,128,3,40,30.97449
numpy,128,4,1,28.259661
numpy,128,4,2,28.7297
numpy,128,4,3,26.693307
numpy,128,4,4,27.727257
numpy,128,4,5,26.255877
numpy,128,4,6,32.22829
numpy,128,4,7,41.87476
numpy,128,4,8,28.45185
numpy,128,4,9,45.712592
numpy,128,4,10,31.685291
numpy,128,4,11,25.557032
numpy,128,4,12,26.099782
numpy,128,4,13,26.960129
numpy,128,4,14,26.821601
numpy,128,4,15,28.337118
numpy,128,4,16,27.518853
numpy,128,4,17,26.317459
numpy,128,4,18,25.213073
numpy,128,4,19,25.47604
numpy,128,4,20,30.86315
numpy,128,4,21,32.093888
numpy,128,4,22,26.010066
numpy,128,4,23,26.088414
numpy,128,4,24,26.375928
numpy,128,4,25,26.586496
numpy,128,4,26,26.489879
numpy,128,4,27,27.681629
numpy,128,4,28,27.094612
numpy,128,4,29,25.61466
numpy,128,4,30,25.910546
numpy,128,4,31,26.233733
numpy,128,4,32,31.081499
numpy,128,4,33,25.725366
numpy,128,4,34,26.309027
numpy,128,4,35,26.72194
numpy,128,4,36,26.788491
numpy,128,4,37,26.495198
numpy,128,4,38,26.182416
numpy,128,4,39,28.777432
numpy,128,4,40,26.073232
numpy,128,5,1,27.964775
numpy,128,5,2,29.661407
numpy,128,5,3,28.089214
numpy,128,5,4,27.624723
numpy,128,5,5,26.716452
numpy,128,5,6,31.563868
numpy,128,5,7,38.353745
numpy,128,5,8,28.541977
numpy,128,5,9,45.819924
numpy,128,5,10,32.405008
numpy,128,5,11,27.292621
numpy,128,5,12,26.604913
numpy,128,5,13,28.719885
numpy,128,5,14,27.197858
numpy,128,5,15,27.118689
numpy,128,5,16,28.743101
numpy,128,5,17,26.783363
numpy,128,5,18,25.70207
numpy,128,5,19,25.152041
numpy,128,5,20,34.384525
numpy,128,5,21,33.001678
numpy,128,5,22,26.569831
numpy,128,5,23,25.948063
numpy,128,5,24,27.946819
numpy,128,5,25,27.742801
numpy,128,5,26,34.774704
numpy,128,5,27,30.766244
numpy,128,5,28,25.635541
numpy,128,5,29,25.598434
numpy,128,5,30,26.207153
numpy,128,5,31,32.45266
numpy,128,5,32,31.965214
numpy,128,5,33,26.561388
numpy,128,5,34,25.97286
numpy,128,5,35,25.828802
numpy,128,5,36,26.101683
numpy,128,5,37,26.032419
numpy,128,5,38,27.669591
numpy,128,5,39,28.196625
numpy,128,5,40,25.492625
native_cblas,8,1,1,2.655377
native_cblas,8,1,2,2.534024
native_cblas,8,1,3,2.860217
native_cblas,8,1,4,2.820828
native_cblas,8,1,5,2.934309
native_cblas,8,1,6,2.697491
native_cblas,8,1,7,2.668057
native_cblas,8,1,8,4.163835
native_cblas,8,1,9,2.76291
native_cblas,8,1,10,2.679735
native_cblas,8,1,11,2.589538
native_cblas,8,1,12,2.669889
native_cblas,8,1,13,2.62397
native_cblas,8,1,14,2.569498
native_cblas,8,1,15,2.890663
native_cblas,8,1,16,4.078266
native_cblas,8,1,17,2.772294
native_cblas,8,1,18,4.174721
native_cblas,8,1,19,2.626414
native_cblas,8,1,20,2.859185
native_cblas,8,1,21,2.799465
native_cblas,8,1,22,2.668598
native_cblas,8,1,23,2.731703
native_cblas,8,1,24,2.692153
native_cblas,8,1,25,2.626104
native_cblas,8,1,26,2.912045
native_cblas,8,1,27,2.96195
native_cblas,8,1,28,4.376576
native_cblas,8,1,29,2.815219
native_cblas,8,1,30,2.568567
native_cblas,8,1,31,2.553965
native_cblas,8,1,32,2.9151
native_cblas,8,1,33,2.582217
native_cblas,8,1,34,2.613935
native_cblas,8,1,35,2.818383
native_cblas,8,1,36,2.929441
native_cblas,8,1,37,2.857933
native_cblas,8,1,38,4.569727
native_cblas,8,1,39,2.564902
native_cblas,8,1,40,3.324998
native_cblas,8,2,1,2.565413
native_cblas,8,2,2,2.591071
native_cblas,8,2,3,2.792404
native_cblas,8,2,4,2.833256
native_cblas,8,2,5,2.598642
native_cblas,8,2,6,15.432212
native_cblas,8,2,7,2.905505
native_cblas,8,2,8,4.573522
native_cblas,8,2,9,2.51822
native_cblas,8,2,10,2.84878
native_cblas,8,2,11,2.655348
native_cblas,8,2,12,2.833907
native_cblas,8,2,13,2.924073
native_cblas,8,2,14,2.644351
native_cblas,8,2,15,2.805405
native_cblas,8,2,16,2.796371
native_cblas,8,2,17,2.92169
native_cblas,8,2,18,4.026828
native_cblas,8,2,19,2.55695
native_cblas,8,2,20,2.613274
native_cblas,8,2,21,2.613545
native_cblas,8,2,22,2.508746
native_cblas,8,2,23,2.575057
native_cblas,8,2,24,2.639965
native_cblas,8,2,25,2.852205
native_cblas,8,2,26,3.162893
native_cblas,8,2,27,2.585852
native_cblas,8,2,28,4.497708
native_cblas,8,2,29,2.562188
native_cblas,8,2,30,2.522867
native_cblas,8,2,31,2.534456
native_cblas,8,2,32,2.558611
native_cblas,8,2,33,2.5502
native_cblas,8,2,34,2.62346
native_cblas,8,2,35,2.582117
native_cblas,8,2,36,2.894869
native_cblas,8,2,37,2.740266
native_cblas,8,2,38,4.092757
native_cblas,8,2,39,2.542457
native_cblas,8,2,40,2.492271
native_cblas,8,3,1,2.72924
native_cblas,8,3,2,14.043546
native_cblas,8,3,3,2.946267
native_cblas,8,3,4,2.688998
native_cblas,8,3,5,2.664842
native_cblas,8,3,6,3.936401
native_cblas,8,3,7,2.653866
native_cblas,8,3,8,4.39227
native_cblas,8,3,9,2.530279
native_cblas,8,3,10,2.527114
native_cblas,8,3,11,2.515527
native_cblas,8,3,12,2.545732
native_cblas,8,3,13,2.638572
native_cblas,8,3,14,2.649438
native_cblas,8,3,15,2.585563
native_cblas,8,3,16,3.468505
native_cblas,8,3,17,3.223175
native_cblas,8,3,18,4.367532
native_cblas,8,3,19,2.967659
native_cblas,8,3,20,2.736731
native_cblas,8,3,21,3.098707
native_cblas,8,3,22,2.77565
native_cblas,8,3,23,2.619994
native_cblas,8,3,24,2.609349
native_cblas,8,3,25,3.164847
native_cblas,8,3,26,2.692664
native_cblas,8,3,27,2.692844
native_cblas,8,3,28,4.682488
native_cblas,8,3,29,2.642729
native_cblas,8,3,30,2.631912
native_cblas,8,3,31,2.593293
native_cblas,8,3,32,2.619824
native_cblas,8,3,33,2.974108
native_cblas,8,3,34,2.936051
native_cblas,8,3,35,2.679074
native_cblas,8,3,36,2.950693
native_cblas,8,3,37,2.69693
native_cblas,8,3,38,4.655006
native_cblas,8,3,39,2.558121
native_cblas,8,3,40,2.591121
native_cblas,8,4,1,2.655136
native_cblas,8,4,2,2.585131
native_cblas,8,4,3,2.608877
native_cblas,8,4,4,2.641917
native_cblas,8,4,5,2.706063
native_cblas,8,4,6,2.674105
native_cblas,8,4,7,2.655207
native_cblas,8,4,8,4.486851
native_cblas,8,4,9,2.565611
native_cblas,8,4,10,2.494794
native_cblas,8,4,11,2.566633
native_cblas,8,4,12,2.537279
native_cblas,8,4,13,2.69007
native_cblas,8,4,14,2.656178
native_cblas,8,4,15,2.57824
native_cblas,8,4,16,2.592112
native_cblas,8,4,17,2.605642
native_cblas,8,4,18,3.89664
native_cblas,8,4,19,2.553904
native_cblas,8,4,20,2.561065
native_cblas,8,4,21,2.565621
native_cblas,8,4,22,2.535325
native_cblas,8,4,23,2.59728
native_cblas,8,4,24,2.701657
native_cblas,8,4,25,2.662929
native_cblas,8,4,26,2.628367
native_cblas,8,4,27,2.563608
native_cblas,8,4,28,3.796389
native_cblas,8,4,29,2.574365
native_cblas,8,4,30,2.623258
native_cblas,8,4,31,2.610068
native_cblas,8,4,32,2.605201
native_cblas,8,4,33,2.591371
native_cblas,8,4,34,2.613243
native_cblas,8,4,35,3.474203
native_cblas,8,4,36,2.672794
native_cblas,8,4,37,2.663128
native_cblas,8,4,38,4.322883
native_cblas,8,4,39,2.505471
native_cblas,8,4,40,2.497459
native_cblas,8,5,1,2.473683
native_cblas,8,5,2,2.505251
native_cblas,8,5,3,2.516658
native_cblas,8,5,4,2.558312
native_cblas,8,5,5,2.538451
native_cblas,8,5,6,2.536458
native_cblas,8,5,7,2.59066
native_cblas,8,5,8,3.803591
native_cblas,8,5,9,2.512642
native_cblas,8,5,10,2.459932
native_cblas,8,5,11,2.50451
native_cblas,8,5,12,2.521776
native_cblas,8,5,13,2.549218
native_cblas,8,5,14,2.519362
native_cblas,8,5,15,2.501756
native_cblas,8,5,16,2.526674
native_cblas,8,5,17,2.582968
native_cblas,8,5,18,3.461915
native_cblas,8,5,19,2.474235
native_cblas,8,5,20,2.488425
native_cblas,8,5,21,2.479843
native_cblas,8,5,22,2.494785
native_cblas,8,5,23,2.687496
native_cblas,8,5,24,2.538622
native_cblas,8,5,25,2.51823
native_cblas,8,5,26,2.553635
native_cblas,8,5,27,2.538681
native_cblas,8,5,28,3.494074
native_cblas,8,5,29,2.48434
native_cblas,8,5,30,2.512722
native_cblas,8,5,31,2.525552
native_cblas,8,5,32,2.516318
native_cblas,8,5,33,2.560975
native_cblas,8,5,34,2.555447
native_cblas,8,5,35,2.572984
native_cblas,8,5,36,2.575427
native_cblas,8,5,37,2.67054
native_cblas,8,5,38,4.029912
native_cblas,8,5,39,2.518201
native_cblas,8,5,40,2.539893
native_cblas,16,1,1,4.18716
native_cblas,16,1,2,4.199629
native_cblas,16,1,3,3.815268
native_cblas,16,1,4,3.763631
native_cblas,16,1,5,3.733134
native_cblas,16,1,6,3.642748
native_cblas,16,1,7,3.764101
native_cblas,16,1,8,6.283023
native_cblas,16,1,9,3.680004
native_cblas,16,1,10,3.663959
native_cblas,16,1,11,3.583459
native_cblas,16,1,12,3.802128
native_cblas,16,1,13,3.932495
native_cblas,16,1,14,3.667765
native_cblas,16,1,15,3.599723
native_cblas,16,1,16,3.639713
native_cblas,16,1,17,3.702408
native_cblas,16,1,18,5.107589
native_cblas,16,1,19,3.683168
native_cblas,16,1,20,3.931523
native_cblas,16,1,21,3.66428
native_cblas,16,1,22,3.634976
native_cblas,16,1,23,3.930812
native_cblas,16,1,24,3.774837
native_cblas,16,1,25,3.837632
native_cblas,16,1,26,4.073978
native_cblas,16,1,27,4.154049
native_cblas,16,1,28,5.140849
native_cblas,16,1,29,3.594055
native_cblas,16,1,30,3.693134
native_cblas,16,1,31,3.996962
native_cblas,16,1,32,3.755328
native_cblas,16,1,33,3.779635
native_cblas,16,1,34,3.951805
native_cblas,16,1,35,3.970042
native_cblas,16,1,36,4.743619
native_cblas,16,1,37,4.202362
native_cblas,16,1,38,6.428142
native_cblas,16,1,39,3.589197
native_cblas,16,1,40,3.619633
native_cblas,16,2,1,3.619984
native_cblas,16,2,2,3.528747
native_cblas,16,2,3,3.789199
native_cblas,16,2,4,3.709269
native_cblas,16,2,5,3.629248
native_cblas,16,2,6,3.653203
native_cblas,16,2,7,3.693214
native_cblas,16,2,8,5.528936
native_cblas,16,2,9,3.598321
native_cblas,16,2,10,3.52463
native_cblas,16,2,11,3.973226
native_cblas,16,2,12,3.877773
native_cblas,16,2,13,3.860687
native_cblas,16,2,14,4.075582
native_cblas,16,2,15,3.997453
native_cblas,16,2,16,3.868149
native_cblas,16,2,17,3.5712
native_cblas,16,2,18,5.255643
native_cblas,16,2,19,3.791393
native_cblas,16,2,20,3.764662
native_cblas,16,2,21,3.926106
native_cblas,16,2,22,3.984404
native_cblas,16,2,23,4.188612
native_cblas,16,2,24,3.883191
native_cblas,16,2,25,3.69676
native_cblas,16,2,26,3.656489
native_cblas,16,2,27,3.562837
native_cblas,16,2,28,5.219858
native_cblas,16,2,29,3.672322
native_cblas,16,2,30,3.663119
native_cblas,16,2,31,3.76956
native_cblas,16,2,32,3.722789
native_cblas,16,2,33,3.61142
native_cblas,16,2,34,3.655477
native_cblas,16,2,35,3.686885
native_cblas,16,2,36,4.04799
native_cblas,16,2,37,3.65111
native_cblas,16,2,38,5.825082
native_cblas,16,2,39,4.274371
native_cblas,16,2,40,3.953206
native_cblas,16,3,1,3.818013
native_cblas,16,3,2,3.729649
native_cblas,16,3,3,3.693625
native_cblas,16,3,4,3.941859
native_cblas,16,3,5,4.32659
native_cblas,16,3,6,4.53191
native_cblas,16,3,7,3.864232
native_cblas,16,3,8,6.032475
native_cblas,16,3,9,3.773926
native_cblas,16,3,10,3.651931
native_cblas,16,3,11,3.642898
native_cblas,16,3,12,4.007939
native_cblas,16,3,13,4.310426
native_cblas,16,3,14,4.592261
native_cblas,16,3,15,3.815018
native_cblas,16,3,16,4.503587
native_cblas,16,3,17,3.811362
native_cblas,16,3,18,5.42651
native_cblas,16,3,19,3.7562
native_cblas,16,3,20,4.222132
native_cblas,16,3,21,3.714216
native_cblas,16,3,22,3.60376
native_cblas,16,3,23,3.706844
native_cblas,16,3,24,4.137083
native_cblas,16,3,25,3.860346
native_cblas,16,3,26,3.627425
native_cblas,16,3,27,3.63747
native_cblas,16,3,28,5.985814
native_cblas,16,3,29,3.96903
native_cblas,16,3,30,3.654696
native_cblas,16,3,31,4.014339
native_cblas,16,3,32,3.66396
native_cblas,16,3,33,4.04789
native_cblas,16,3,34,3.806585
native_cblas,16,3,35,3.666444
native_cblas,16,3,36,3.608798
native_cblas,16,3,37,3.872375
native_cblas,16,3,38,5.999354
native_cblas,16,3,39,4.421934
native_cblas,16,3,40,4.059908
native_cblas,16,4,1,3.682968
native_cblas,16,4,2,3.572531
native_cblas,16,4,3,3.580223
native_cblas,16,4,4,3.74407
native_cblas,16,4,5,3.713885
native_cblas,16,4,6,3.551049
native_cblas,16,4,7,3.638171
native_cblas,16,4,8,5.446149
native_cblas,16,4,9,3.680865
native_cblas,16,4,10,3.735198
native_cblas,16,4,11,3.530128
native_cblas,16,4,12,3.529837
native_cblas,16,4,13,4.03563
native_cblas,16,4,14,3.952956
native_cblas,16,4,15,3.665042
native_cblas,16,4,16,3.488234
native_cblas,16,4,17,3.556888
native_cblas,16,4,18,5.381962
native_cblas,16,4,19,4.018756
native_cblas,16,4,20,3.815348
native_cblas,16,4,21,3.754536
native_cblas,16,4,22,3.84306
native_cblas,16,4,23,3.944343
native_cblas,16,4,24,3.735187
native_cblas,16,4,25,3.647925
native_cblas,16,4,26,3.739784
native_cblas,16,4,27,3.608346
native_cblas,16,4,28,5.143263
native_cblas,16,4,29,3.654456
native_cblas,16,4,30,3.684581
native_cblas,16,4,31,3.680766
native_cblas,16,4,32,3.5916
native_cblas,16,4,33,3.57184
native_cblas,16,4,34,3.714155
native_cblas,16,4,35,3.590979
native_cblas,16,4,36,3.660314
native_cblas,16,4,37,3.595737
native_cblas,16,4,38,5.447141
native_cblas,16,4,39,3.729188
native_cblas,16,4,40,3.670289
native_cblas,16,5,1,3.597369
native_cblas,16,5,2,3.546142
native_cblas,16,5,3,3.592542
native_cblas,16,5,4,3.662328
native_cblas,16,5,5,3.62418
native_cblas,16,5,6,3.590089
native_cblas,16,5,7,3.530058
native_cblas,16,5,8,5.195822
native_cblas,16,5,9,3.527885
native_cblas,16,5,10,3.513333
native_cblas,16,5,11,3.441604
native_cblas,16,5,12,3.598842
native_cblas,16,5,13,3.642467
native_cblas,16,5,14,3.655397
native_cblas,16,5,15,3.601276
native_cblas,16,5,16,3.517809
native_cblas,16,5,17,3.57855
native_cblas,16,5,18,4.815498
native_cblas,16,5,19,3.606584
native_cblas,16,5,20,3.574275
native_cblas,16,5,21,3.49871
native_cblas,16,5,22,3.550468
native_cblas,16,5,23,3.52443
native_cblas,16,5,24,3.681056
native_cblas,16,5,25,3.61777
native_cblas,16,5,26,3.560404
native_cblas,16,5,27,3.526463
native_cblas,16,5,28,4.746243
native_cblas,16,5,29,3.672513
native_cblas,16,5,30,3.581306
native_cblas,16,5,31,3.5911
native_cblas,16,5,32,3.557719
native_cblas,16,5,33,3.581646
native_cblas,16,5,34,3.618512
native_cblas,16,5,35,3.569186
native_cblas,16,5,36,3.51213
native_cblas,16,5,37,4.900196
native_cblas,16,5,38,5.214349
native_cblas,16,5,39,3.55135
native_cblas,16,5,40,3.494313
native_cblas,32,1,1,6.388422
native_cblas,32,1,2,6.364746
native_cblas,32,1,3,6.362152
native_cblas,32,1,4,6.670007
native_cblas,32,1,5,6.530957
native_cblas,32,1,6,6.295321
native_cblas,32,1,7,6.678159
native_cblas,32,1,8,9.418976
native_cblas,32,1,9,6.316644
native_cblas,32,1,10,6.622986
native_cblas,32,1,11,6.588154
native_cblas,32,1,12,6.314119
native_cblas,32,1,13,6.836288
native_cblas,32,1,14,6.358897
native_cblas,32,1,15,6.933033
native_cblas,32,1,16,6.24785
native_cblas,32,1,17,6.6323
native_cblas,32,1,18,8.271884
native_cblas,32,1,19,6.798661
native_cblas,32,1,20,7.100316
native_cblas,32,1,21,6.807183
native_cblas,32,1,22,6.493961
native_cblas,32,1,23,6.338787
native_cblas,32,1,24,6.322593
native_cblas,32,1,25,6.761855
native_cblas,32,1,26,7.835876
native_cblas,32,1,27,8.260597
native_cblas,32,1,28,8.153575
native_cblas,32,1,29,6.438557
native_cblas,32,1,30,6.483295
native_cblas,32,1,31,6.803769
native_cblas,32,1,32,6.244855
native_cblas,32,1,33,6.323814
native_cblas,32,1,34,6.622354
native_cblas,32,1,35,7.120797
native_cblas,32,1,36,11.910967
native_cblas,32,1,37,8.68683
native_cblas,32,1,38,10.395389
native_cblas,32,1,39,7.193857
native_cblas,32,1,40,6.431166
native_cblas,32,2,1,6.290595
native_cblas,32,2,2,6.295191
native_cblas,32,2,3,6.163182
native_cblas,32,2,4,6.710898
native_cblas,32,2,5,9.411215
native_cblas,32,2,6,21.715295
native_cblas,32,2,7,8.549804
native_cblas,32,2,8,9.886311
native_cblas,32,2,9,6.858612
native_cblas,32,2,10,7.345035
native_cblas,32,2,11,6.493441
native_cblas,32,2,12,6.837199
native_cblas,32,2,13,7.177754
native_cblas,32,2,14,6.794595
native_cblas,32,2,15,6.448833
native_cblas,32,2,16,6.262532
native_cblas,32,2,17,6.417046
native_cblas,32,2,18,8.293147
native_cblas,32,2,19,6.756998
native_cblas,32,2,20,7.331786
native_cblas,32,2,21,6.775126
native_cblas,32,2,22,7.192466
native_cblas,32,2,23,6.139997
native_cblas,32,2,24,6.332589
native_cblas,32,2,25,7.362973
native_cblas,32,2,26,7.300579
native_cblas,32,2,27,7.721163
native_cblas,32,2,28,8.038923
native_cblas,32,2,29,6.434581
native_cblas,32,2,30,6.395673
native_cblas,32,2,31,6.616896
native_cblas,32,2,32,7.032774
native_cblas,32,2,33,6.679992
native_cblas,32,2,34,6.758521
native_cblas,32,2,35,7.666481
native_cblas,32,2,36,9.171031
native_cblas,32,2,37,7.520801
native_cblas,32,2,38,10.02462
native_cblas,32,2,39,6.339357
native_cblas,32,2,40,6.257464
native_cblas,32,3,1,6.138435
native_cblas,32,3,2,6.377706
native_cblas,32,3,3,6.090382
native_cblas,32,3,4,6.756818
native_cblas,32,3,5,13.363509
native_cblas,32,3,6,9.203651
native_cblas,32,3,7,7.682184
native_cblas,32,3,8,9.418004
native_cblas,32,3,9,6.151034
native_cblas,32,3,10,6.315001
native_cblas,32,3,11,6.097894
native_cblas,32,3,12,6.455443
native_cblas,32,3,13,6.465799
native_cblas,32,3,14,6.280879
native_cblas,32,3,15,6.686752
native_cblas,32,3,16,6.634093
native_cblas,32,3,17,6.382362
native_cblas,32,3,18,8.328199
native_cblas,32,3,19,6.515955
native_cblas,32,3,20,6.285657
native_cblas,32,3,21,6.116442
native_cblas,32,3,22,5.98968
native_cblas,32,3,23,6.074267
native_cblas,32,3,24,6.409604
native_cblas,32,3,25,9.661942
native_cblas,32,3,26,7.343213
native_cblas,32,3,27,8.615863
native_cblas,32,3,28,8.721924
native_cblas,32,3,29,7.050351
native_cblas,32,3,30,6.52019
native_cblas,32,3,31,6.871461
native_cblas,32,3,32,6.842647
native_cblas,32,3,33,7.111783
native_cblas,32,3,34,6.580282
native_cblas,32,3,35,6.97009
native_cblas,32,3,36,9.027115
native_cblas,32,3,37,7.578909
native_cblas,32,3,38,10.413096
native_cblas,32,3,39,6.336143
native_cblas,32,3,40,8.705259
native_cblas,32,4,1,6.318376
native_cblas,32,4,2,6.09584
native_cblas,32,4,3,6.216212
native_cblas,32,4,4,6.389754
native_cblas,32,4,5,9.219494
native_cblas,32,4,6,9.12413
native_cblas,32,4,7,8.047777
native_cblas,32,4,8,9.60746
native_cblas,32,4,9,6.794174
native_cblas,32,4,10,6.41349
native_cblas,32,4,11,6.079856
native_cblas,32,4,12,6.913414
native_cblas,32,4,13,6.518388
native_cblas,32,4,14,6.578008
native_cblas,32,4,15,6.436845
native_cblas,32,4,16,6.684509
native_cblas,32,4,17,6.568143
native_cblas,32,4,18,7.862958
native_cblas,32,4,19,6.525578
native_cblas,32,4,20,6.390575
native_cblas,32,4,21,6.21449
native_cblas,32,4,22,6.302272
native_cblas,32,4,23,6.052825
native_cblas,32,4,24,6.358867
native_cblas,32,4,25,6.572699
native_cblas,32,4,26,7.227117
native_cblas,32,4,27,7.8978
native_cblas,32,4,28,8.284353
native_cblas,32,4,29,6.520712
native_cblas,32,4,30,6.373138
native_cblas,32,4,31,6.293629
native_cblas,32,4,32,6.331817
native_cblas,32,4,33,7.34804
native_cblas,32,4,34,14.054972
native_cblas,32,4,35,8.11665
native_cblas,32,4,36,8.982517
native_cblas,32,4,37,7.726201
native_cblas,32,4,38,10.076878
native_cblas,32,4,39,6.357785
native_cblas,32,4,40,6.158134
native_cblas,32,5,1,6.391596
native_cblas,32,5,2,6.17518
native_cblas,32,5,3,6.303483
native_cblas,32,5,4,6.062029
native_cblas,32,5,5,6.368521
native_cblas,32,5,6,6.319888
native_cblas,32,5,7,6.465458
native_cblas,32,5,8,8.32172
native_cblas,32,5,9,6.173447
native_cblas,32,5,10,5.96347
native_cblas,32,5,11,6.173988
native_cblas,32,5,12,6.266308
native_cblas,32,5,13,6.631639
native_cblas,32,5,14,6.276352
native_cblas,32,5,15,6.165596
native_cblas,32,5,16,6.206207
native_cblas,32,5,17,6.329924
native_cblas,32,5,18,7.957029
native_cblas,32,5,19,6.390064
native_cblas,32,5,20,6.311325
native_cblas,32,5,21,6.026586
native_cblas,32,5,22,5.985914
native_cblas,32,5,23,5.95664
native_cblas,32,5,24,6.265726
native_cblas,32,5,25,6.169261
native_cblas,32,5,26,6.686392
native_cblas,32,5,27,7.764969
native_cblas,32,5,28,8.504595
native_cblas,32,5,29,6.30152
native_cblas,32,5,30,6.317444
native_cblas,32,5,31,6.140297
native_cblas,32,5,32,6.15543
native_cblas,32,5,33,5.980857
native_cblas,32,5,34,6.315492
native_cblas,32,5,35,6.658179
native_cblas,32,5,36,8.77251
native_cblas,32,5,37,7.610987
native_cblas,32,5,38,9.339706
native_cblas,32,5,39,6.094578
native_cblas,32,5,40,6.086737
native_cblas,64,1,1,16.187612
native_cblas,64,1,2,14.649019
native_cblas,64,1,3,15.452663
native_cblas,64,1,4,15.420344
native_cblas,64,1,5,19.409735
native_cblas,64,1,6,14.681318
native_cblas,64,1,7,13.960882
native_cblas,64,1,8,18.139858
native_cblas,64,1,9,15.321044
native_cblas,64,1,10,18.871263
native_cblas,64,1,11,15.300042
native_cblas,64,1,12,15.578282
native_cblas,64,1,13,14.983465
native_cblas,64,1,14,14.552694
native_cblas,64,1,15,14.809912
native_cblas,64,1,16,14.445743
native_cblas,64,1,17,14.642711
native_cblas,64,1,18,17.324047
native_cblas,64,1,19,15.51712
native_cblas,64,1,20,14.360315
native_cblas,64,1,21,15.927009
native_cblas,64,1,22,16.980149
native_cblas,64,1,23,16.095563
native_cblas,64,1,24,16.078447
native_cblas,64,1,25,15.799115
native_cblas,64,1,26,15.410208
native_cblas,64,1,27,19.848598
native_cblas,64,1,28,16.813807
native_cblas,64,1,29,13.247144
native_cblas,64,1,30,14.078109
native_cblas,64,1,31,14.374845
native_cblas,64,1,32,14.81459
native_cblas,64,1,33,15.788981
native_cblas,64,1,34,14.281375
native_cblas,64,1,35,16.732965
native_cblas,64,1,36,23.85231
native_cblas,64,1,37,86.101594
native_cblas,64,1,38,83.950817
native_cblas,64,1,39,14.93385
native_cblas,64,1,40,14.527737
native_cblas,64,2,1,14.184548
native_cblas,64,2,2,14.659095
native_cblas,64,2,3,14.610111
native_cblas,64,2,4,13.950855
native_cblas,64,2,5,21.97078
native_cblas,64,2,6,20.450896
native_cblas,64,2,7,17.825423
native_cblas,64,2,8,20.408412
native_cblas,64,2,9,14.250257
native_cblas,64,2,10,13.671404
native_cblas,64,2,11,13.645495
native_cblas,64,2,12,13.484301
native_cblas,64,2,13,13.909373
native_cblas,64,2,14,14.740166
native_cblas,64,2,15,15.464781
native_cblas,64,2,16,14.696882
native_cblas,64,2,17,13.638223
native_cblas,64,2,18,15.814028
native_cblas,64,2,19,13.442359
native_cblas,64,2,20,13.418021
native_cblas,64,2,21,13.899838
native_cblas,64,2,22,14.478361
native_cblas,64,2,23,14.472033
native_cblas,64,2,24,13.032129
native_cblas,64,2,25,14.59661
native_cblas,64,2,26,15.405361
native_cblas,64,2,27,26.40339
native_cblas,64,2,28,16.430037
native_cblas,64,2,29,14.272882
native_cblas,64,2,30,14.210277
native_cblas,64,2,31,13.414305
native_cblas,64,2,32,13.171709
native_cblas,64,2,33,14.552793
native_cblas,64,2,34,13.467065
native_cblas,64,2,35,29.7895
native_cblas,64,2,36,118.173315
native_cblas,64,2,37,20.549665
native_cblas,64,2,38,21.220407
native_cblas,64,2,39,13.705605
native_cblas,64,2,40,14.131578
native_cblas,64,3,1,14.780613
native_cblas,64,3,2,13.656578
native_cblas,64,3,3,13.26774
native_cblas,64,3,4,12.982089
native_cblas,64,3,5,12.760476
native_cblas,64,3,6,13.127119
native_cblas,64,3,7,14.575804
native_cblas,64,3,8,18.420776
native_cblas,64,3,9,13.223113
native_cblas,64,3,10,13.612351
native_cblas,64,3,11,13.494453
native_cblas,64,3,12,13.497398
native_cblas,64,3,13,13.077974
native_cblas,64,3,14,13.732312
native_cblas,64,3,15,13.338218
native_cblas,64,3,16,13.144586
native_cblas,64,3,17,14.892993
native_cblas,64,3,18,14.887916
native_cblas,64,3,19,15.061067
native_cblas,64,3,20,13.891523
native_cblas,64,3,21,13.782097
native_cblas,64,3,22,14.151925
native_cblas,64,3,23,14.021508
native_cblas,64,3,24,13.127088
native_cblas,64,3,25,13.423606
native_cblas,64,3,26,14.758911
native_cblas,64,3,27,17.832249
native_cblas,64,3,28,16.304373
native_cblas,64,3,29,13.952945
native_cblas,64,3,30,14.583456
native_cblas,64,3,31,13.43319
native_cblas,64,3,32,13.668646
native_cblas,64,3,33,13.847747
native_cblas,64,3,34,13.258757
native_cblas,64,3,35,14.48008
native_cblas,64,3,36,25.05613
native_cblas,64,3,37,16.719028
native_cblas,64,3,38,18.848732
native_cblas,64,3,39,14.066426
native_cblas,64,3,40,13.228622
native_cblas,64,4,1,13.856213
native_cblas,64,4,2,14.603881
native_cblas,64,4,3,13.858176
native_cblas,64,4,4,13.394325
native_cblas,64,4,5,21.035158
native_cblas,64,4,6,20.482674
native_cblas,64,4,7,17.480443
native_cblas,64,4,8,18.908587
native_cblas,64,4,9,13.312903
native_cblas,64,4,10,13.750393
native_cblas,64,4,11,13.839818
native_cblas,64,4,12,13.334826
native_cblas,64,4,13,13.30548
native_cblas,64,4,14,13.916804
native_cblas,64,4,15,13.229907
native_cblas,64,4,16,13.861861
native_cblas,64,4,17,13.977475
native_cblas,64,4,18,15.450558
native_cblas,64,4,19,13.398131
native_cblas,64,4,20,15.095964
native_cblas,64,4,21,13.737453
native_cblas,64,4,22,13.630371
native_cblas,64,4,23,13.42444
native_cblas,64,4,24,12.844045
native_cblas,64,4,25,13.676281
native_cblas,64,4,26,15.151387
native_cblas,64,4,27,19.092085
native_cblas,64,4,28,15.198237
native_cblas,64,4,29,13.442989
native_cblas,64,4,30,13.665264
native_cblas,64,4,31,12.98636
native_cblas,64,4,32,13.905206
native_cblas,64,4,33,13.310619
native_cblas,64,4,34,13.18502
native_cblas,64,4,35,14.20609
native_cblas,64,4,36,20.710768
native_cblas,64,4,37,16.918084
native_cblas,64,4,38,18.91652
native_cblas,64,4,39,13.934671
native_cblas,64,4,40,13.25147
native_cblas,64,5,1,13.292522
native_cblas,64,5,2,13.144479
native_cblas,64,5,3,13.863784
native_cblas,64,5,4,13.347856
native_cblas,64,5,5,12.818346
native_cblas,64,5,6,12.668169
native_cblas,64,5,7,12.642942
native_cblas,64,5,8,16.605883
native_cblas,64,5,9,14.424029
native_cblas,64,5,10,13.895171
native_cblas,64,5,11,13.789772
native_cblas,64,5,12,13.613967
native_cblas,64,5,13,13.133292
native_cblas,64,5,14,13.334576
native_cblas,64,5,15,14.092158
native_cblas,64,5,16,12.834871
native_cblas,64,5,17,12.700829
native_cblas,64,5,18,14.862392
native_cblas,64,5,19,13.241745
native_cblas,64,5,20,13.227644
native_cblas,64,5,21,13.674188
native_cblas,64,5,22,15.317498
native_cblas,64,5,23,13.360044
native_cblas,64,5,24,13.272842
native_cblas,64,5,25,13.140242
native_cblas,64,5,26,14.416318
native_cblas,64,5,27,17.434583
native_cblas,64,5,28,15.137466
native_cblas,64,5,29,13.17897
native_cblas,64,5,30,13.739978
native_cblas,64,5,31,13.769572
native_cblas,64,5,32,13.816603
native_cblas,64,5,33,14.02691
native_cblas,64,5,34,13.579024
native_cblas,64,5,35,14.400704
native_cblas,64,5,36,22.737436
native_cblas,64,5,37,17.186298
native_cblas,64,5,38,18.932424
native_cblas,64,5,39,13.245671
native_cblas,64,5,40,13.263678
native_cblas,128,1,1,33.583218
native_cblas,128,1,2,34.524939
native_cblas,128,1,3,35.353129
native_cblas,128,1,4,33.052627
native_cblas,128,1,5,32.815899
native_cblas,128,1,6,32.989491
native_cblas,128,1,7,33.261282
native_cblas,128,1,8,35.858531
native_cblas,128,1,9,32.986246
native_cblas,128,1,10,35.315523
native_cblas,128,1,11,35.474002
native_cblas,128,1,12,34.489024
native_cblas,128,1,13,32.879315
native_cblas,128,1,14,33.808527
native_cblas,128,1,15,34.10178
native_cblas,128,1,16,33.960477
native_cblas,128,1,17,33.56497
native_cblas,128,1,18,36.296462
native_cblas,128,1,19,33.605561
native_cblas,128,1,20,34.320941
native_cblas,128,1,21,33.975449
native_cblas,128,1,22,33.809819
native_cblas,128,1,23,33.795678
native_cblas,128,1,24,32.982921
native_cblas,128,1,25,35.445288
native_cblas,128,1,26,40.304631
native_cblas,128,1,27,57.202887
native_cblas,128,1,28,35.933103
native_cblas,128,1,29,34.056392
native_cblas,128,1,30,34.071764
native_cblas,128,1,31,33.629498
native_cblas,128,1,32,36.12926
native_cblas,128,1,33,48.122336
native_cblas,128,1,34,35.441573
native_cblas,128,1,35,63.418478
native_cblas,128,1,36,356.213865
native_cblas,128,1,37,212.802815
native_cblas,128,1,38,161.173259
native_cblas,128,1,39,34.596717
native_cblas,128,1,40,34.18151
native_cblas,128,2,1,36.806902
native_cblas,128,2,2,37.007194
native_cblas,128,2,3,35.28168
native_cblas,128,2,4,43.593203
native_cblas,128,2,5,255.316541
native_cblas,128,2,6,106.276129
native_cblas,128,2,7,65.512656
native_cblas,128,2,8,67.618885
native_cblas,128,2,9,38.008785
native_cblas,128,2,10,39.031118
native_cblas,128,2,11,40.458582
native_cblas,128,2,12,37.469172
native_cblas,128,2,13,47.105085
native_cblas,128,2,14,42.814008
native_cblas,128,2,15,33.032174
native_cblas,128,2,16,33.449475
native_cblas,128,2,17,32.471357
native_cblas,128,2,18,35.686751
native_cblas,128,2,19,34.270073
native_cblas,128,2,20,33.454111
native_cblas,128,2,21,33.504498
native_cblas,128,2,22,34.380169
native_cblas,128,2,23,37.116349
native_cblas,128,2,24,34.041247
native_cblas,128,2,25,33.066136
native_cblas,128,2,26,57.79652
native_cblas,128,2,27,123.964696
native_cblas,128,2,28,37.524555
native_cblas,128,2,29,39.341957
native_cblas,128,2,30,38.391633
native_cblas,128,2,31,40.527798
native_cblas,128,2,32,40.541829
native_cblas,128,2,33,36.392435
native_cblas,128,2,34,34.969899
native_cblas,128,2,35,84.061431
native_cblas,128,2,36,154.246074
native_cblas,128,2,37,85.202323
native_cblas,128,2,38,61.199546
native_cblas,128,2,39,35.559228
native_cblas,128,2,40,40.484092
native_cblas,128,3,1,35.475753
native_cblas,128,3,2,34.589134
native_cblas,128,3,3,36.415139
native_cblas,128,3,4,32.404498
native_cblas,128,3,5,51.910112
native_cblas,128,3,6,51.082402
native_cblas,128,3,7,42.367061
native_cblas,128,3,8,42.725592
native_cblas,128,3,9,33.777089
native_cblas,128,3,10,33.685561
native_cblas,128,3,11,33.447421
native_cblas,128,3,12,33.73149
native_cblas,128,3,13,34.773943
native_cblas,128,3,14,33.541253
native_cblas,128,3,15,33.451999
native_cblas,128,3,16,33.172768
native_cblas,128,3,17,32.781877
native_cblas,128,3,18,34.803558
native_cblas,128,3,19,33.342383
native_cblas,128,3,20,33.912373
native_cblas,128,3,21,34.163692
native_cblas,128,3,22,34.987616
native_cblas,128,3,23,34.204414
native_cblas,128,3,24,32.516106
native_cblas,128,3,25,32.073498
native_cblas,128,3,26,38.261295
native_cblas,128,3,27,40.677462
native_cblas,128,3,28,34.230023
native_cblas,128,3,29,32.894367
native_cblas,128,3,30,34.418708
native_cblas,128,3,31,32.903311
native_cblas,128,3,32,39.256668
native_cblas,128,3,33,36.161517
native_cblas,128,3,34,33.913775
native_cblas,128,3,35,37.653369
native_cblas,128,3,36,52.799744
native_cblas,128,3,37,47.324002
native_cblas,128,3,38,76.470913
native_cblas,128,3,39,38.637073
native_cblas,128,3,40,38.059982
native_cblas,128,4,1,34.609985
native_cblas,128,4,2,35.686099
native_cblas,128,4,3,34.81221
native_cblas,128,4,4,36.05065
native_cblas,128,4,5,52.470381
native_cblas,128,4,6,50.348608
native_cblas,128,4,7,44.325419
native_cblas,128,4,8,43.603539
native_cblas,128,4,9,35.525537
native_cblas,128,4,10,35.589474
native_cblas,128,4,11,34.017821
native_cblas,128,4,12,34.332697
native_cblas,128,4,13,32.809598
native_cblas,128,4,14,32.787755
native_cblas,128,4,15,32.957692
native_cblas,128,4,16,32.712401
native_cblas,128,4,17,33.138444
native_cblas,128,4,18,34.478196
native_cblas,128,4,19,33.006345
native_cblas,128,4,20,35.77246
native_cblas,128,4,21,35.3087
native_cblas,128,4,22,34.18211
native_cblas,128,4,23,34.345225
native_cblas,128,4,24,32.656677
native_cblas,128,4,25,32.367822
native_cblas,128,4,26,37.116008
native_cblas,128,4,27,52.299763
native_cblas,128,4,28,47.357674
native_cblas,128,4,29,36.786831
native_cblas,128,4,30,37.617925
native_cblas,128,4,31,36.423582
native_cblas,128,4,32,33.803919
native_cblas,128,4,33,34.574983
native_cblas,128,4,34,34.289212
native_cblas,128,4,35,36.184722
native_cblas,128,4,36,49.789314
native_cblas,128,4,37,41.924024
native_cblas,128,4,38,45.019406
native_cblas,128,4,39,33.376083
native_cblas,128,4,40,32.807544
native_cblas,128,5,1,33.726432
native_cblas,128,5,2,34.7197
native_cblas,128,5,3,33.785932
native_cblas,128,5,4,33.578519
native_cblas,128,5,5,32.045875
native_cblas,128,5,6,32.758981
native_cblas,128,5,7,33.139525
native_cblas,128,5,8,41.104587
native_cblas,128,5,9,32.047117
native_cblas,128,5,10,33.31491
native_cblas,128,5,11,34.589204
native_cblas,128,5,12,34.410063
native_cblas,128,5,13,31.4857
native_cblas,128,5,14,32.563307
native_cblas,128,5,15,32.24792
native_cblas,128,5,16,33.313439
native_cblas,128,5,17,33.880153
native_cblas,128,5,18,35.000945
native_cblas,128,5,19,33.48677
native_cblas,128,5,20,33.876068
native_cblas,128,5,21,32.701956
native_cblas,128,5,22,33.293368
native_cblas,128,5,23,32.602005
native_cblas,128,5,24,34.174358
native_cblas,128,5,25,33.015669
native_cblas,128,5,26,37.224492
native_cblas,128,5,27,41.825495
native_cblas,128,5,28,35.05692
native_cblas,128,5,29,34.252536
native_cblas,128,5,30,34.600701
native_cblas,128,5,31,31.946425
native_cblas,128,5,32,32.152215
native_cblas,128,5,33,32.747064
native_cblas,128,5,34,32.750118
native_cblas,128,5,35,35.291103
native_cblas,128,5,36,49.419266
native_cblas,128,5,37,41.589483
native_cblas,128,5,38,42.519048
native_cblas,128,5,39,36.091136
native_cblas,128,5,40,35.018336
