updates,mean_squared_error
0,0.25635837884361357
1,1.1561161937986324
2,5.256177302236244
3,22.722575514883154
4,94.49653793950803
5,207.85183315463138
6,133.55002658220525
7,45.87767134244827
8,42.3601828940774
9,40.24091818848925
10,38.351124180205
11,36.265945292492155
12,33.547715350137466
13,29.670822387577953
14,24.05714300883768
15,16.499284939856057
16,8.348356828453078
17,2.566078031016217
18,0.40542047360853556
19,0.046944277748990945
20,0.01861888414351511
21,0.016816800848933035
22,0.016386246542656854
23,0.016024020971213263
24,0.01567190738453961
25,0.015327268072754283
26,0.01498985498597637
27,0.014659523723010682
28,0.014336136459645047
29,0.014019557870127833
30,0.013709654940699433
31,0.013406296936375628
32,0.013109355371904583
33,0.012818703982510778
34,0.012534218694634159
35,0.012255777596762513
36,0.01198326091038408
37,0.011716550961070858
38,0.011455532149704054
39,0.011200090923846044
40,0.01095011574926941
41,0.01070549708164719
42,0.0104661273384128
43,0.010231900870794754
44,0.010002713936034042
45,0.009778464669787365
46,0.009559053058725373
47,0.009344380913326986
48,0.009134351840879185
49,0.008928871218683892
50,0.008727846167477992
51,0.008531185525071223
52,0.008338799820203947
53,0.00815060124663231
54,0.00796650363744018
55,0.0077864224395845965
56,0.007610274688676806
57,0.007437978984001575
58,0.0072694554637771774
59,0.007104625780660604
60,0.0069434130774985005
61,0.006785741963325877
62,0.00663153848961668
63,0.006480730126785235
64,0.006333245740942952
65,0.006189015570908939
66,0.0060479712054789725
67,0.005910045560950435
68,0.005775172858907214
69,0.0056432886042634325
70,0.005514329563567708
71,0.00538823374356766
72,0.005264940370035158
73,0.005144389866853533
74,0.005026523835364911
75,0.004911285033979534
76,0.00479861735804525
77,0.004688465819978304
78,0.00458077652965383
79,0.004475496675055895
80,0.004372574503187033
81,0.004271959301234937
82,0.004173601377998088
83,0.004077452045565909
84,0.0039834636012552735
85,0.0038915893098013035
86,0.0038017833858002186
87,0.003714000976404621
88,0.0036281981442683256
89,0.003544331850740682
90,0.003462359939307077
91,0.0033822411192760914
92,0.0033039349497095438
93,0.0032274018235956548
94,0.003152602952261937
95,0.003079500350026839
96,0.0030080568190880897
97,0.002938235934645602
98,0.002870002030257181
99,0.002803320183424908
100,0.002738156201410014
101,0.002674476607274173
102,0.00261224862614537
103,0.002551440171705684
104,0.0024920198328990772
105,0.0024339568608568243
106,0.0023772211560385116
107,0.0023217832555859808
108,0.002267614320888228
109,0.0022146861253547314
110,0.002162971042395063
111,0.0021124420336020968
112,0.002063072637136839
113,0.002014836956312314
114,0.00196770964837372
115,0.001921665913473434
116,0.0018766814838375608
117,0.0018327326131216675
118,0.0017897960659541043
119,0.0017478491076635585
120,0.0017068694941888116
121,0.0016668354621685506
122,0.001627725719208348
123,0.0015895194343225841
124,0.0015521962285492228
125,0.0015157361657343888
126,0.001480119743485273
127,0.0014453278842878744
128,0.0014113419267883357
129,0.0013781436172345825
130,0.0013457151010765648
131,0.0013140389147225794
132,0.0012830979774489642
133,0.0012528755834618037
134,0.0012233553941070573
135,0.0011945214302282038
136,0.0011663580646678064
137,0.0011388500149121976
138,0.0011119823358755258
139,0.0010857404128222787
140,0.0010601099544253853
141,0.0010350769859577985
142,0.0010106278426153955
143,0.0009867491629696064
144,0.0009634278825468006
145,0.0009406512275329018
146,0.0009184067086010908
147,0.0008966821148603703
148,0.000875465507923281
149,0.0008547452160903943
150,0.0008345098286496652
151,0.000814748190289247
152,0.0007954493956208609
153,0.0007766027838127587
154,0.0007581979333295072
155,0.0007402246567777688
156,0.0007226729958549792
157,0.00070553321640031
158,0.0006887958035452048
159,0.000672451456962288
160,0.0006564910862105466
161,0.0006409058061753274
162,0.000625686932601068
163,0.000610825977715599
164,0.0005963146459438758
165,0.0005821448297096612
166,0.0005683086053238614
167,0.0005547982289572072
168,0.0005416061326966188
169,0.0005287249206827733
170,0.0005161473653281978
171,0.0005038664036137086
172,0.0004918751334622312
173,0.00048016681018821195
174,0.00046873484302121637
175,0.000457572791702574
176,0.0004466743631533928
177,0.00043603340821261936
178,0.00042564391844395345
179,0.00041550002301009737
180,0.000405595985613172
181,0.00039592620149992124
182,0.00038648519453068805
183,0.0003772676143103488
184,0.00036826823338071286
185,0.00035948194447265436
186,0.00035090375781704096
187,0.000342528798513153
188,0.00033435230395359135
189,0.0003263696213045203
190,0.00031857620504002407
191,0.0003109676145296136
192,0.00030353951167782595
193,0.00029628765861483043
194,0.0002892079154368551
195,0.0002822962379958671
196,0.0002755486757369378
197,0.00026896136958281
198,0.0002625305498643989
199,0.00025625253429646693
200,0.00025012372599742216
201,0.00024414061155242071
202,0.00023829975911882775
203,0.00023259781657327072
204,0.00022703150969920666
205,0.00022159764041448173
206,0.00021629308503764988
207,0.0002111147925927481
208,0.00020605978315120654
209,0.00020112514621044774
210,0.00019630803910840523
211,0.00019160568547301474
212,0.00018701537370609448
213,0.0001825344555008189
214,0.00017816034439222195
215,0.0001738905143397481
216,0.00016972249834155053
217,0.00016565388707940693
218,0.00016168232759411326
219,0.00015780552199025924
220,0.0001540212261700843
221,0.00015032724859547693
222,0.0001467214490779512
223,0.00014320173759551638
224,0.00013976607313616928
225,0.00013641246256746362
226,0.00013313895953130823
227,0.00012994366336376684
228,0.0001268247180391649
229,0.00012378031113790205
230,0.00012080867283777799
231,0.00011790807492779506
232,0.00011507682984453468
233,0.00011231328973014133
234,0.0001096158455117376
235,0.00010698292600165684
236,0.00010441299701812758
237,0.00010190456052584408
238,9.945615379613904e-05
239,9.706634858622932e-05
240,9.473375033709549e-05
241,9.245699738969062e-05
242,9.023476021896499e-05
243,8.806574068538164e-05
244,8.59486713035266e-05
245,8.388231452737918e-05
246,8.186546205200473e-05
247,7.989693413112275e-05
248,7.797557891035868e-05
249,7.610027177578304e-05
250,7.426991471732164e-05
251,7.248343570679183e-05
252,7.073978809030084e-05
253,6.903794999445314e-05
254,6.737692374629827e-05
255,6.57557353066553e-05
256,6.417343371635458e-05
257,6.262909055538487e-05
258,6.112179941436607e-05
259,5.965067537827124e-05
260,5.8214854522120404e-05
261,5.681349341819611e-05
262,5.5445768654737145e-05
263,5.411087636570133e-05
264,5.280803177144489e-05
265,5.153646873000334e-05
266,5.0295439298772156e-05
267,4.908421330637653e-05
268,4.790207793436587e-05
269,4.6748337308713086e-05
270,4.562231210076581e-05
271,4.452333913743867e-05
272,4.3450771020457365e-05
273,4.2403975754506084e-05
274,4.138233638395417e-05
275,4.038525063807135e-05
276,3.941213058451416e-05
277,3.846240229083333e-05
278,3.7535505493915625e-05
279,3.663089327713058e-05
280,3.574803175494428e-05
281,3.48863997649847e-05
282,3.40454885672146e-05
283,3.322480155017753e-05
284,3.242385394410221e-05
285,3.1642172540695984e-05
286,3.087929541948861e-05
287,3.013477168061676e-05
288,2.9408161183796284e-05
289,2.8699034293488355e-05
290,2.8006971629960577e-05
291,2.7331563826237356e-05
292,2.667241129070706e-05
293,2.6029123975324504e-05
294,2.540132114922817e-05
295,2.4788631177723538e-05
296,2.419069130637282e-05
297,2.360714745020917e-05
298,2.3037653987946378e-05
299,2.2481873560905745e-05
300,2.193947687678466e-05
301,2.1410142518001466e-05
302,2.0893556754524527e-05
303,2.0389413361146165e-05
304,1.989741343904856e-05
305,1.941726524155535e-05
306,1.8948684004028685e-05
307,1.84913917777287e-05
308,1.8045117267611848e-05
309,1.7609595673975684e-05
310,1.718456853781217e-05
311,1.6769783589822076e-05
312,1.6364994603000313e-05
313,1.5969961248680137e-05
314,1.5584448956004248e-05
315,1.5208228774720404e-05
316,1.4841077241186318e-05
317,1.4482776247567194e-05
318,1.4133112914155583e-05
319,1.3791879464635448e-05
320,1.3458873104388764e-05
321,1.3133895901599261e-05
322,1.2816754671247349e-05
323,1.250726086179461e-05
324,1.2205230444588155e-05
325,1.1910483805868294e-05
326,1.1622845641344879e-05
327,1.134214485326727e-05
328,1.106821444995125e-05
329,1.0800891447665687e-05
330,1.0540016774862023e-05
331,1.0285435178679954e-05
332,1.00369951336655e-05
333,9.794548752659264e-06
334,9.55795169980506e-06
335,9.327063105616902e-06
336,9.101745484064218e-06
337,8.881864651656216e-06
338,8.667289648407188e-06
339,8.457892660702328e-06
340,8.253548946006673e-06
341,8.054136759359115e-06
342,7.859537281592687e-06
343,7.669634549310695e-06
344,7.484315386483116e-06
345,7.30346933770422e-06
346,7.126988603015054e-06
347,6.954767974303672e-06
348,6.786704773204471e-06
349,6.622698790465936e-06
350,6.462652226813989e-06
351,6.3064696351501e-06
352,6.154057864191179e-06
353,6.005326003428217e-06
354,5.860185329387985e-06
355,5.718549253206669e-06
356,5.580333269423539e-06
357,5.445454906011597e-06
358,5.313833675601692e-06
359,5.18539102787553e-06
360,5.060050303069802e-06
361,4.937736686634115e-06
362,4.818377164931054e-06
363,4.701900482017117e-06
364,4.588237097448432e-06
365,4.47731914510223e-06
366,4.3690803929771764e-06
367,4.263456203946544e-06
368,4.160383497470318e-06
369,4.059800712203776e-06
370,3.961647769514548e-06
371,3.8658660378575e-06
372,3.7723982980150184e-06
373,3.6811887091667232e-06
374,3.5921827757642448e-06
375,3.5053273152057776e-06
376,3.4205704262815444e-06
377,3.337861458377607e-06
378,3.257150981411151e-06
379,3.1783907564938175e-06
380,3.1015337072906736e-06
381,3.026533892071014e-06
382,2.9533464764218366e-06
383,2.8819277066225936e-06
384,2.812234883655677e-06
385,2.7442263378340497e-06
386,2.677861404051928e-06
387,2.61310039760313e-06
388,2.549904590612497e-06
389,2.488236188998994e-06
390,2.4280583100218135e-06
391,2.369334960338977e-06
392,2.3120310146115096e-06
393,2.256112194608658e-06
394,2.201545048819014e-06
395,2.1482969325573415e-06
396,2.096335988533488e-06
397,2.045631127903636e-06
398,1.9961520117647565e-06
399,1.94786903309953e-06
400,1.900753299154959e-06
401,1.8547766142422973e-06
402,1.809911462947005e-06
403,1.7661309937469768e-06
404,1.7234090030212307e-06
405,1.6817199194516186e-06
406,1.6410387887731786e-06
407,1.6013412589324323e-06
408,1.5626035655607985e-06
409,1.5248025178248942e-06
410,1.487915484602082e-06
411,1.4519203809985172e-06
412,1.4167956551840572e-06
413,1.3825202755468642e-06
414,1.3490737181499872e-06
415,1.316435954506382e-06
416,1.2845874396298613e-06
417,1.2535091003798103e-06
418,1.2231823240903621e-06
419,1.1935889474694302e-06
420,1.1647112457618994e-06
421,1.1365319221805923e-06
422,1.1090340975839998e-06
423,1.0822013004097234e-06
424,1.0560174568405514e-06
425,1.0304668812186081e-06
426,1.0055342666827964e-06
427,9.812046760319866e-07
428,9.57463532812577e-07
429,9.342966126101605e-07
430,9.116900345680833e-07
431,8.896302530912145e-07
432,8.681040497670247e-07
433,8.470985254644266e-07
434,8.26601092636327e-07
435,8.065994677994799e-07
436,7.870816642004405e-07
437,7.680359846549068e-07
438,7.494510145603184e-07
439,7.313156150770659e-07
440,7.136189164752656e-07
441,6.963503116375058e-07
442,6.794994497239574e-07
443,6.630562299886487e-07
444,6.470107957368656e-07
445,6.313535284403061e-07
446,6.160750419884728e-07
447,6.011661770750486e-07
448,5.866179957245548e-07
449,5.724217759511996e-07
450,5.585690065411146e-07
451,5.450513819684769e-07
452,5.318607974241344e-07
453,5.189893439752829e-07
454,5.064293038308879e-07
455,4.941731457296223e-07
456,4.822135204378024e-07
457,4.7054325634732637e-07
458,4.591553551923051e-07
459,4.48042987861841e-07
460,4.371994903120993e-07
461,4.266183595846489e-07
462,4.162932499120675e-07
463,4.062179689239823e-07
464,3.963864739400299e-07
465,3.867928683558279e-07
466,3.774313981146855e-07
467,3.6829644826300205e-07
468,3.593825395926972e-07
469,3.5068432535895094e-07
470,3.421965880834537e-07
471,3.339142364276198e-07
472,3.2583230214998813e-07
473,3.1794593712865773e-07
474,3.1025041046131624e-07
475,3.0274110563168515e-07
476,2.9541351774754625e-07
477,2.882632508418547e-07
478,2.812860152425441e-07
479,2.744776250024401e-07
480,2.678339953934338e-07
481,2.6135114046341136e-07
482,2.550251706433085e-07
483,2.4885229042453016e-07
484,2.4282879608007663e-07
485,2.369510734527671e-07
486,2.3121559578406175e-07
487,2.2561892160658907e-07
488,2.20157692680307e-07
489,2.1482863198180495e-07
490,2.0962854174177296e-07
491,2.0455430152878994e-07
492,1.9960286637976276e-07
493,1.947712649770495e-07
494,1.900565978667894e-07
495,1.8545603572251782e-07
496,1.809668176504476e-07
497,1.7658624953446084e-07
498,1.7231170242230696e-07
499,1.6814061095059025e-07
500,1.6407047180525636e-07
501,1.6009884222621488e-07
502,1.5622333853841278e-07
503,1.5244163472692508e-07
504,1.487514610401194e-07
505,1.451506026326537e-07
506,1.416368982343924e-07
507,1.38208238858393e-07
508,1.348625665337612e-07
509,1.31597873075014e-07
510,1.2841219887597382e-07
511,1.253036317364443e-07
512,1.222703057153379e-07
513,1.1931040001319058e-07
514,1.1642213787778361e-07
515,1.136037855435331e-07
516,1.1085365118714642e-07
517,1.0817008391728766e-07
518,1.0555147278173712e-07
519,1.0299624580419994e-07
520,1.0050286903970795e-07
521,9.806984565573848e-08
522,9.569571503534013e-08
523,9.337905189909759e-08
524,9.11184654528838e-08
525,8.891259855277237e-08
526,8.67601268914482e-08
527,8.465975820291167e-08
528,8.261023148990002e-08
529,8.061031626536429e-08
530,7.865881181507597e-08
531,7.67545464782826e-08
532,7.489637694479683e-08
533,7.30831875674654e-08
534,7.131388969634745e-08
535,6.958742102262504e-08
536,6.790274494294815e-08
537,6.625884993798564e-08
538,6.465474896381229e-08
539,6.308947886244036e-08
540,6.156209978095811e-08
541,6.007169461143153e-08
542,5.86173684372413e-08
543,5.719824799851788e-08
544,5.5813481166934374e-08
545,5.446223643537229e-08
546,5.3143702418628545e-08
547,5.185708736699147e-08
548,5.060161868998877e-08
549,4.937654249504504e-08
550,4.818112313295863e-08
551,4.701464275779036e-08
552,4.58764008962528e-08
553,4.476571402592122e-08
554,4.36819151674419e-08
555,4.2624353481971754e-08
556,4.15923938821696e-08
557,4.058541665093564e-08
558,3.9602817068725976e-08
559,3.864400505123884e-08
560,3.7708404795775125e-08
561,3.6795454434621994e-08
562,3.5904605698709735e-08
563,3.5035323588275674e-08
564,3.418708605164677e-08
565,3.335938367247907e-08
566,3.255171936361833e-08
567,3.176360806834264e-08
568,3.0994576470359173e-08
569,3.024416270863815e-08
570,2.951191610098028e-08
571,2.879739687315995e-08
572,2.8100175895105554e-08
573,2.7419834422947694e-08
574,2.6755963848252618e-08
575,2.610816545252387e-08
576,2.5476050167845884e-08
577,2.4859238343124716e-08
578,2.4257359516843942e-08
579,2.367005219392896e-08
580,2.3096963629568908e-08
581,2.2537749616634026e-08
582,2.199207427944336e-08
583,2.1459609872265052e-08
584,2.094003658247799e-08
585,2.043304233872938e-08
586,1.993832262300494e-08
587,1.9455580288776826e-08
588,1.8984525381577687e-08
589,1.8524874965643995e-08
590,1.807635295400622e-08
591,1.763868994261166e-08
592,1.721162304829956e-08
593,1.6794895751402688e-08
594,1.6388257741529247e-08
595,1.599146476764907e-08
596,1.5604278490631084e-08
597,1.522646634125771e-08
598,1.4857801379423814e-08
599,1.4498062158681252e-08
600,1.4147032593530961e-08
601,1.3804501828391066e-08
602,1.3470264112643407e-08
603,1.3144118675582351e-08
604,1.2825869606762364e-08
605,1.2515325738535239e-08
606,1.2212300530566291e-08
607,1.1916611958151552e-08
608,1.1628082402994546e-08
609,1.1346538546541622e-08
610,1.1071811265777403e-08
611,1.0803735531874055e-08
612,1.0542150310797765e-08
613,1.0286898466918088e-08
614,1.0037826668607326e-08
615,9.79478529601499e-09
616,9.557628351165681e-09
617,9.326213370645864e-09
618,9.10040133955081e-09
619,8.880056608589247e-09
620,8.665046812245393e-09
621,8.455242789102416e-09
622,8.250518504886924e-09
623,8.050750976328113e-09
624,7.855820197381507e-09
625,7.665609067094453e-09
626,7.480003319576039e-09
627,7.298891455229142e-09
628,7.122164673275153e-09
629,6.949716807634292e-09
630,6.78144426168865e-09
631,6.617245947232753e-09
632,6.457023223362145e-09
633,6.300679836819328e-09
634,6.148121864990351e-09
635,5.999257658662595e-09
636,5.853997787970102e-09
637,5.712254987403798e-09
638,5.573944104697223e-09
639,5.438982048704627e-09
640,5.307287740112983e-09
641,5.178782062383072e-09
642,5.053387814518709e-09
643,4.931029664351587e-09
644,4.811634103712302e-09
645,4.695129403924418e-09
646,4.581445572866035e-09
647,4.4705143130361454e-09
648,4.36226898031167e-09
649,4.256644543976248e-09
650,4.15357754788351e-09
651,4.053006072212174e-09
652,3.954869696000261e-09
653,3.859109461338779e-09
654,3.765667837630051e-09
655,3.6744886870342936e-09
656,3.585517230874914e-09
657,3.498700016848098e-09
658,3.413984886633282e-09
659,3.331320944680269e-09
660,3.250658527634748e-09
661,3.171949174752287e-09
662,3.0951455982639235e-09
663,3.0202016554325294e-09
664,2.9470723206186846e-09
665,2.875713658435771e-09
666,2.806082796995903e-09
667,2.7381379025829794e-09
668,2.671838154222317e-09
669,2.6071437192492804e-09
670,2.5440157294779393e-09
671,2.4824162577058837e-09
672,2.422308294809007e-09
673,2.363655728149723e-09
674,2.3064233189590915e-09
675,2.250576682003022e-09
676,2.1960822642627585e-09
677,2.1429073253590447e-09
678,2.0910199174071177e-09
679,2.0403888661124012e-09
680,1.9909837519387137e-09
681,1.942774891824683e-09
682,1.895733321478138e-09
683,1.849830777756676e-09
684,1.8050396819351467e-09
685,1.7613331229359827e-09
686,1.7186848411869353e-09
687,1.6770692130917876e-09
688,1.6364612353035136e-09
689,1.5968365098428973e-09
690,1.558171229551712e-09
691,1.5204421635936637e-09
692,1.4836266437141298e-09
693,1.447702550333963e-09
694,1.4126482995132767e-09
695,1.3784428299965211e-09
696,1.3450655903012135e-09
697,1.3124965266194198e-09
698,1.2807160707360455e-09
699,1.2497051281294241e-09
700,1.2194450666054935e-09
701,1.189917705219299e-09
702,1.1611053030499405e-09
703,1.1329905488609444e-09
704,1.1055565504749822e-09
705,1.0787868248158977e-09
706,1.0526652877574866e-09
707,1.027176244716091e-09
708,1.002304381066457e-09
709,9.780347530004809e-10
710,9.543527785496646e-10
711,9.312442287797094e-10
712,9.08695219261697e-10
713,8.866922018369795e-10
714,8.652219562442723e-10
715,8.442715824477505e-10
716,8.238284926313028e-10
717,8.038804038994748e-10
718,7.844153306468113e-10
719,7.654215775111857e-10
720,7.468877322867778e-10
721,7.288026591361938e-10
722,7.111554917723983e-10
723,6.93935627161887e-10
724,6.771327187361362e-10
725,6.607366707560881e-10
726,6.447376316795821e-10
727,6.291259886181962e-10
728,6.138923614346805e-10
729,5.990275970872613e-10
730,5.84522764137302e-10
731,5.703691474304825e-10
732,5.565582428664151e-10
733,5.430817521702538e-10
734,5.299315780211419e-10
735,5.17099819210654e-10
736,5.045787658205412e-10
737,4.923608945229938e-10
738,4.804388642998694e-10
739,4.68805511741326e-10
740,4.5745384701849034e-10
741,4.463770494176005e-10
742,4.355684634969004e-10
743,4.250215948491355e-10
744,4.147301064011422e-10
745,4.046878144859763e-10
746,3.9488868516258514e-10
747,3.853268305845379e-10
748,3.759965055067118e-10
749,3.6689210375994126e-10
750,3.5800815492314984e-10
751,3.493393210039188e-10
752,3.408803933415592e-10
753,3.3262628929667907e-10
754,3.2457204938027874e-10
755,3.1671283411774353e-10
756,3.0904392128079476e-10
757,3.015607029100202e-10
758,2.942586827028803e-10
759,2.871334731458842e-10
760,2.801807930270598e-10
761,2.7339646475563226e-10
762,2.6677641189059917e-10
763,2.6031665672479335e-10
764,2.5401331786860086e-10
765,2.478626078908857e-10
766,2.418608310500855e-10
767,2.3600438114695993e-10
768,2.3028973924826732e-10
769,2.2471347166677143e-10
770,2.1927222779867182e-10
771,2.1396273823987472e-10
772,2.0878181272477957e-10
773,2.037263382132243e-10
774,1.987932770410347e-10
775,1.9397966514481629e-10
776,1.8928261018874624e-10
777,1.8469928986820238e-10
778,1.802269502554082e-10
779,1.7586290406434922e-10
780,1.7160452909377657e-10
781,1.6744926663928253e-10
782,1.6339461994069988e-10
783,1.5943815271541258e-10
784,1.555774876423942e-10
785,1.51810304986523e-10
786,1.4813434116223936e-10
787,1.4454738742225032e-10
788,1.4104728847827537e-10
789,1.3763194122383706e-10
790,1.3429929351159802e-10
791,1.3104734284600167e-10
792,1.27874135228261e-10
793,1.247777639968656e-10
794,1.2175636862286475e-10
795,1.1880813364264753e-10
796,1.1593128757194589e-10
797,1.1312410180013744e-10
798,1.1038488955572021e-10
799,1.0771200493993429e-10
800,1.0510384189496327e-10
801,1.0255883325885049e-10
802,1.0007544982398813e-10
803,9.765219935788052e-11
804,9.528762583661512e-11
805,9.298030844955486e-11
806,9.072886078303798e-11
807,8.853193001692031e-11
808,8.638819607905873e-11
809,8.429637085810294e-11
810,8.22551974357107e-11
811,8.026344932464716e-11
812,7.831992973385217e-11
813,7.642347085966416e-11
814,7.457293317944688e-11
815,7.27672047564869e-11
816,7.100520055589007e-11
817,6.928586184920697e-11
818,6.760815553388707e-11
819,6.597107352024522e-11
820,6.43736321299474e-11
821,6.281487148843944e-11
822,6.129385499423879e-11
823,5.980966869966052e-11
824,5.83614207871494e-11
825,5.694824104793442e-11
826,5.556928034379799e-11
827,5.422371008961469e-11
828,5.291072175560718e-11
829,5.162952641137392e-11
830,5.0379354208433565e-11
831,4.9159453944819825e-11
832,4.796909263081933e-11
833,4.680755499388743e-11
834,4.5674143089746786e-11
835,4.456817588998099e-11
836,4.348898883477719e-11
837,4.2435933467395034e-11
838,4.1408377034448456e-11
839,4.040570210784964e-11
840,3.9427306184227994e-11
841,3.8472601386075526e-11
842,3.754101404430995e-11
843,3.6631984389365936e-11
844,3.5744966208969774e-11
845,3.487942650837386e-11
846,3.40348452072966e-11
847,3.321071480844508e-11
848,3.240654012773924e-11
849,3.162183794280342e-11
850,3.085613673729793e-11
851,3.010897642745733e-11
852,2.9379908058552236e-11
853,2.8668493540638623e-11
854,2.7974305415129756e-11
855,2.729692654720476e-11
856,2.6635949915378492e-11
857,2.599097835024949e-11
858,2.5361624313506875e-11
859,2.474750962469231e-11
860,2.4148265288479312e-11
861,2.3563531217451805e-11
862,2.29929560713432e-11
863,2.24361969885093e-11
864,2.1892919437761848e-11
865,2.136279696407763e-11
866,2.08455110283272e-11
867,2.0340750804895166e-11
868,1.9848212997043263e-11
869,1.936760165380789e-11
870,1.8898627961778973e-11
871,1.8441010147218114e-11
872,1.799447322848573e-11
873,1.755874888633055e-11
874,1.713357530621529e-11
875,1.671869701217737e-11
876,1.6313864706389542e-11
877,1.5918835131203726e-11
878,1.5533370929894883e-11
879,1.5157240475371928e-11
880,1.4790217762224453e-11
881,1.4432082250629939e-11
882,1.4082618746881839e-11
883,1.3741617261077655e-11
884,1.340887289804275e-11
885,1.3084185708845728e-11
886,1.2767360601937077e-11
887,1.2458207194578457e-11
888,1.2156539732846543e-11
889,1.1862176942427862e-11
890,1.1574941951068055e-11
891,1.129466215415157e-11
892,1.102116915167659e-11
893,1.0754298592728008e-11
894,1.0493890128298164e-11
895,1.0239787281727651e-11
896,9.991837363689287e-12
897,9.749891387377115e-12
898,9.513803972415443e-12
899,9.283433258333585e-12
900,9.058640815091147e-12
901,8.839291576696918e-12
902,8.625253729712103e-12
903,8.416398671116666e-12
904,8.212600899570338e-12
905,8.013737955397102e-12
906,7.819690347739822e-12
907,7.630341472289288e-12
908,7.445577559270181e-12
909,7.2652875827308735e-12
910,7.0893632096561864e-12
911,6.917698730449628e-12
912,6.75019099592972e-12
913,6.586739349190295e-12
914,6.427245578119605e-12
915,6.271613846298996e-12
916,6.119750636706636e-12
917,5.971564696236693e-12
918,5.826966979934453e-12
919,5.6858706083473964e-12
920,5.548190790005134e-12
921,5.413844802885971e-12
922,5.28275191506348e-12
923,5.1548333585475526e-12
924,5.030012266770591e-12
925,4.908213637690515e-12
926,4.78936428521107e-12
927,4.673392792187197e-12
928,4.560229476326063e-12
929,4.449806338646361e-12
930,4.342057025679072e-12
931,4.236916794651642e-12
932,4.134322466370415e-12
933,4.034212393443261e-12
934,3.93652642431853e-12
935,3.841205859186354e-12
936,3.748193421240514e-12
937,3.657433218268662e-12
938,3.568870718600245e-12
939,3.4824527042477456e-12
940,3.3981272446693337e-12
941,3.3158436763612576e-12
942,3.2355525497743434e-12
943,3.157205625055569e-12
944,3.080755820279011e-12
945,3.006157200265339e-12
946,2.9333649375165702e-12
947,2.8623352976990592e-12
948,2.7930255919768426e-12
949,2.7253941793299298e-12
950,2.6594004179719375e-12
951,2.5950046557790315e-12
952,2.5321681965927626e-12
953,2.4708532832946174e-12
954,2.411023070720727e-12
955,2.3526416116309426e-12
956,2.2956738218245908e-12
957,2.2400854722570374e-12
958,2.1858431611563623e-12
959,2.13291429192509e-12
960,2.0812670636398957e-12
961,2.030870441208084e-12
962,1.9816941419834665e-12
963,1.933708614730604e-12
964,1.8868850296605272e-12
965,1.84119524743481e-12
966,1.7966118158337012e-12
967,1.7531079442780767e-12
968,1.7106574919646428e-12
969,1.6692349510595996e-12
970,1.6288154318070582e-12
971,1.5893746463805822e-12
972,1.5508888961506076e-12
973,1.5133350537956247e-12
974,1.4766905558023276e-12
975,1.4409333807114866e-12
976,1.4060420442908914e-12
977,1.371995579773354e-12
978,1.3387735311690272e-12
979,1.3063559323727438e-12
980,1.2747233060613484e-12
981,1.2438566446108375e-12
982,1.213737400695316e-12
983,1.184347477037789e-12
984,1.1556692113867494e-12
985,1.127685372670855e-12
986,1.1003791454870023e-12
987,1.073734120987354e-12
988,1.047734292090156e-12
989,1.022364030999821e-12
990,9.976080976691221e-13
991,9.73451611879431e-13
992,9.498800623787082e-13
993,9.268792829074922e-13
994,9.044354530887569e-13
995,8.825350865807276e-13
996,8.611650263031472e-13
997,8.403124275762412e-13
998,8.199647625582801e-13
999,8.001098036540612e-13
1000,7.80735620391161e-13
